Date,MaxTemp,MinTemp,MeanTemp,Precip,WindSpeed,Radiation
2019-01-01,4.9,1.4,2.7,1.4,8.4,2.63
2019-01-02,6.9,-3.1,2.8,0.0,6.5,7.92
2019-01-03,4.9,2.3,3.4,0.0,10.5,2.56
2019-01-04,9.0,0.3,4.5,0.3,8.9,9.73
2019-01-05,9.3,0.3,5.0,0.0,11.9,10.02
2019-01-06,8.5,3.5,5.8,0.0,10.4,4.56
2019-01-07,9.9,3.6,6.4,0.0,13.5,7.84
2019-01-08,7.2,2.5,5.1,0.1,12.4,2.85
2019-01-09,8.1,3.7,5.3,0.3,11.2,4.6
2019-01-10,6.8,3.5,5.0,2.8,11.3,2.19
2019-01-11,11.3,-0.3,5.2,0.3,9.2,12.82
2019-01-12,9.1,1.8,4.6,0.0,13.0,5.75
2019-01-13,11.0,0.1,4.9,0.0,8.4,9.95
2019-01-14,10.8,3.2,6.9,0.0,11.5,7.38
2019-01-15,9.9,3.4,6.2,0.0,18.7,10.4
2019-01-16,8.4,0.3,4.7,0.0,14.1,7.92
2019-01-17,8.7,4.2,6.2,0.0,10.3,4.5
2019-01-18,8.4,4.4,5.9,0.5,12.3,3.01
2019-01-19,11.8,2.6,6.6,0.9,8.4,13.03
2019-01-20,10.4,3.1,6.7,0.0,17.8,8.17
2019-01-21,10.4,0.4,5.0,0.0,9.6,12.18
2019-01-22,11.3,-1.1,4.4,0.0,8.9,13.95
2019-01-23,12.2,-0.4,5.8,0.0,7.4,12.85
2019-01-24,11.6,4.6,7.7,0.0,9.7,8.05
2019-01-25,14.1,6.4,9.4,0.0,9.3,9.24
2019-01-26,8.9,7.0,7.9,0.3,9.0,2.11
2019-01-27,8.8,6.4,7.2,0.6,14.0,2.86
2019-01-28,10.7,5.4,7.5,0.0,9.3,7.04
2019-01-29,9.2,6.0,7.3,0.2,12.4,4.44
2019-01-30,8.1,3.2,6.2,2.6,13.3,2.61
2019-01-31,8.5,1.3,4.9,0.0,16.1,5.42
2019-02-01,10.2,2.9,6.6,0.1,6.9,7.7
2019-02-02,9.4,4.7,7.0,0.8,10.7,4.78
2019-02-03,13.9,1.8,7.5,0.0,10.1,13.94
2019-02-04,13.5,3.7,8.9,1.1,10.5,14.17
2019-02-05,15.5,1.6,8.3,0.0,14.0,15.49
2019-02-06,17.5,4.6,10.4,0.1,12.6,13.18
2019-02-07,17.6,7.5,11.6,0.0,8.9,13.73
2019-02-08,13.4,8.0,9.9,0.0,20.4,6.99
2019-02-09,7.6,3.2,6.2,0.9,16.9,4.65
2019-02-10,8.7,2.3,4.7,1.3,18.7,9.05
2019-02-11,10.0,-1.4,4.7,0.4,8.7,13.55
2019-02-12,11.6,4.3,7.4,0.0,7.4,10.9
2019-02-13,13.1,2.5,7.9,0.0,9.2,12.83
2019-02-14,11.0,5.9,8.2,0.2,13.0,4.83
2019-02-15,11.8,4.2,7.9,0.1,13.7,10.29
2019-02-16,9.5,6.6,7.8,0.1,12.5,3.92
2019-02-17,6.6,4.0,5.0,5.4,15.6,2.52
2019-02-18,8.4,2.0,5.0,2.2,11.9,9.48
2019-02-19,6.8,4.0,5.3,0.7,11.3,2.86
2019-02-20,8.7,4.8,6.6,0.6,8.4,3.32
2019-02-21,12.4,5.7,8.7,0.0,9.4,8.54
2019-02-22,9.8,4.2,7.5,0.0,11.6,3.42
2019-02-23,12.9,5.9,8.8,2.3,12.1,6.08
2019-02-24,9.6,5.3,7.2,3.6,11.3,3.11
2019-02-25,10.9,2.0,6.8,2.2,8.7,4.7
2019-02-26,10.2,6.6,8.0,2.6,14.5,4.06
2019-02-27,10.4,6.5,8.1,1.4,12.1,3.98
2019-02-28,10.3,5.6,7.8,0.5,11.4,2.91
2019-03-01,9.1,6.9,7.7,2.6,15.8,2.69
2019-03-02,14.5,5.3,9.6,0.1,9.5,14.19
2019-03-03,15.1,2.7,9.5,0.0,12.0,11.25
2019-03-04,13.9,7.8,10.5,0.0,11.7,4.78
2019-03-05,16.6,8.5,11.7,0.9,10.0,9.38
2019-03-06,15.8,8.7,11.5,3.8,12.7,12.14
2019-03-07,11.5,8.5,9.6,6.9,14.0,4.38
2019-03-08,11.7,7.9,9.3,5.9,13.3,4.43
2019-03-09,16.0,4.2,10.2,2.8,8.9,15.63
2019-03-10,17.3,4.1,11.1,0.1,9.7,14.11
2019-03-11,19.7,7.0,13.6,0.0,10.5,16.41
2019-03-12,19.9,11.1,14.8,0.0,7.9,11.89
2019-03-13,15.7,11.1,13.2,0.0,18.4,4.91
2019-03-14,16.6,8.1,12.5,0.0,7.6,10.68
2019-03-15,16.3,9.9,12.4,3.1,12.7,7.43
2019-03-16,15.4,8.1,11.4,1.7,7.7,8.14
2019-03-17,16.1,9.7,12.1,0.3,8.5,8.37
2019-03-18,17.1,6.2,12.2,0.0,8.3,12.68
2019-03-19,17.6,10.3,13.3,0.7,14.0,10.45
2019-03-20,22.6,6.5,15.2,0.1,8.3,20.08
2019-03-21,18.8,12.1,15.5,0.9,23.5,15.48
2019-03-22,15.4,9.2,11.8,1.8,20.8,10.38
2019-03-23,16.5,8.2,11.6,2.2,12.3,14.27
2019-03-24,14.2,4.9,10.1,0.2,9.3,11.27
2019-03-25,16.7,5.9,11.5,0.0,8.4,14.43
2019-03-26,18.1,7.7,13.3,0.0,7.5,13.9
2019-03-27,21.4,9.6,15.3,0.9,12.6,16.16
2019-03-28,25.2,10.4,17.8,2.0,12.6,22.17
2019-03-29,24.5,10.8,18.1,0.0,19.3,17.03
2019-03-30,20.0,14.2,17.0,0.0,20.4,8.22
2019-03-31,19.3,13.0,15.6,0.1,10.4,9.54
2019-04-01,17.8,12.1,14.1,1.0,14.1,9.05
2019-04-02,18.2,11.6,14.3,0.7,9.3,7.33
2019-04-03,18.5,12.0,14.9,0.5,15.4,10.84
2019-04-04,20.4,9.6,15.1,1.5,8.9,13.55
2019-04-05,25.5,11.4,17.9,0.0,13.5,22.29
2019-04-06,27.0,10.6,19.0,0.0,10.8,22.98
2019-04-07,28.2,13.2,20.9,0.0,10.0,22.78
2019-04-08,28.0,16.9,22.7,0.0,24.2,15.1
2019-04-09,27.7,15.8,21.9,0.7,20.0,19.69
2019-04-10,19.8,15.4,17.9,1.4,23.2,8.32
2019-04-11,21.7,15.0,17.6,0.2,11.5,9.86
2019-04-12,21.9,14.6,17.6,2.2,18.3,6.86
2019-04-13,24.2,13.1,18.6,0.7,27.3,10.48
2019-04-14,22.1,14.7,17.8,1.4,18.9,11.17
2019-04-15,21.6,14.3,17.1,0.6,14.6,10.67
2019-04-16,26.6,12.1,19.0,0.3,11.5,19.73
2019-04-17,24.5,15.8,19.7,8.3,10.1,13.66
2019-04-18,26.5,15.5,21.2,0.0,10.8,14.54
2019-04-19,27.3,18.2,22.3,7.2,12.5,16.06
2019-04-20,22.1,16.8,19.1,3.9,24.4,9.97
2019-04-21,26.5,14.4,20.7,0.6,9.0,20.46
2019-04-22,28.3,17.3,22.7,0.2,10.3,20.26
2019-04-23,28.0,17.3,23.1,1.1,13.5,19.36
2019-04-24,30.6,17.5,24.6,0.0,16.9,19.02
2019-04-25,33.1,18.9,26.3,0.0,13.7,23.33
2019-04-26,31.9,21.0,25.3,0.9,20.0,18.26
2019-04-27,29.1,18.9,22.6,9.0,28.0,14.5
2019-04-28,24.1,16.6,20.0,4.85,24.6,16.01
2019-04-29,25.5,15.9,20.4,0.7,8.0,20.25
2019-04-30,24.5,16.7,20.4,2.3,10.2,16.89
2019-05-01,23.5,15.2,19.3,6.8,10.5,12.89
2019-05-02,23.9,16.6,19.6,1.7,11.5,17.77
2019-05-03,23.8,17.4,19.9,1.7,9.0,11.64
2019-05-04,24.6,16.8,20.0,4.0,8.0,13.02
2019-05-05,21.1,17.3,18.9,3.7,11.0,7.01
2019-05-06,19.0,15.7,17.4,4.266666666666667,23.7,3.28
2019-05-07,16.4,12.5,14.2,4.833333333333334,25.5,6.24
2019-05-08,19.8,11.1,15.4,5.4,11.3,14.08
2019-05-09,23.0,14.5,18.1,5.9,10.1,14.8
2019-05-10,24.9,12.9,19.4,0.1,13.4,18.32
2019-05-11,26.4,15.9,21.0,6.7,8.9,20.13
2019-05-12,25.0,16.6,20.1,3.9000000000000004,21.7,10.12
2019-05-13,24.5,15.5,19.6,1.1,21.2,20.13
2019-05-14,25.6,16.7,20.7,0.4,11.8,15.35
2019-05-15,25.9,16.2,21.3,5.3,13.5,16.7
2019-05-16,25.6,19.4,22.5,0.5,10.5,14.65
2019-05-17,26.9,17.7,22.5,7.0,8.6,16.23
2019-05-18,27.3,19.3,23.1,2.1,12.6,13.95
2019-05-19,21.4,17.9,20.2,1.05,24.2,5.1
2019-05-20,22.1,15.3,18.4,0.0,13.3,12.75
2019-05-21,24.1,13.0,18.8,5.8,10.5,21.24
2019-05-22,25.6,15.7,20.4,0.0,7.6,16.41
2019-05-23,27.5,16.6,22.0,0.0,12.4,21.41
2019-05-24,26.2,19.0,21.9,6.8,10.9,17.3
2019-05-25,27.2,18.9,23.1,1.5,8.9,18.81
2019-05-26,30.3,19.3,24.7,0.7,11.0,19.35
2019-05-27,24.5,17.4,21.0,2.3,23.6,8.08
2019-05-28,21.5,16.3,18.0,0.3,13.4,13.06
2019-05-29,19.9,15.5,17.0,1.9,16.1,8.36
2019-05-30,25.7,15.5,19.8,0.8,8.4,17.87
2019-05-31,26.9,17.8,22.5,0.2,11.2,18.18
2019-06-01,28.1,18.0,22.6,0.5,13.1,17.8
2019-06-02,30.4,16.0,23.5,0.0,10.0,26.19
2019-06-03,31.3,19.3,25.3,0.0,9.2,26.0
2019-06-04,32.4,19.8,26.9,2.0,11.5,22.52
2019-06-05,29.0,20.2,24.6,8.4,21.7,25.37
2019-06-06,30.0,21.0,25.1,0.7,13.9,16.65
2019-06-07,30.5,21.1,25.7,0.0,15.7,22.49
2019-06-08,29.1,21.8,25.1,2.5,11.2,11.11
2019-06-09,28.7,22.0,25.2,0.5,9.5,19.03
2019-06-10,29.1,20.8,25.0,0.2,11.3,16.23
2019-06-11,27.7,20.8,23.7,0.4,24.7,13.21
2019-06-12,29.4,19.9,24.4,0.2,13.2,24.03
2019-06-13,30.3,19.7,25.4,0.0,13.5,21.83
2019-06-14,26.4,22.5,24.4,4.2,14.3,9.28
2019-06-15,25.8,21.1,22.8,6.0,19.6,13.65
2019-06-16,26.4,19.6,22.3,0.9,8.8,12.42
2019-06-17,28.1,20.8,23.7,0.2,13.3,16.52
2019-06-18,28.1,19.8,23.7,1.0,10.3,15.93
2019-06-19,28.3,21.2,24.1,1.0,10.8,15.0
2019-06-20,30.4,21.8,25.7,0.0,9.5,18.48
2019-06-21,31.8,23.7,27.3,0.2,14.0,17.85
2019-06-22,29.7,22.9,25.9,1.2,17.6,15.65
2019-06-23,28.9,21.7,24.9,0.0,15.1,15.71
2019-06-24,26.1,20.9,23.2,1.5,11.2,10.81
2019-06-25,24.4,20.9,22.4,2.7,9.3,6.39
2019-06-26,27.7,20.2,23.6,2.1,11.1,13.01
2019-06-27,28.2,21.0,24.5,0.4,15.3,13.11
2019-06-28,27.7,22.5,24.6,2.7,15.4,13.0
2019-06-29,30.3,21.6,25.7,0.0,7.0,20.05
2019-06-30,31.0,20.5,25.2,0.0,9.0,16.42
2019-07-01,32.1,19.6,26.3,0.0,10.8,24.55
2019-07-02,31.8,22.6,27.2,0.3,17.8,17.85
2019-07-03,26.2,21.3,23.8,0.2,9.7,4.94
2019-07-04,24.1,20.1,21.7,0.1,9.8,8.42
2019-07-05,29.8,16.8,23.1,0.0,11.7,24.61
2019-07-06,25.0,21.0,23.2,3.1,8.0,6.07
2019-07-07,25.4,20.3,22.9,5.1,14.9,7.64
2019-07-08,26.6,19.9,22.8,6.6,8.4,15.96
2019-07-09,28.1,20.7,24.2,2.3,8.6,20.28
2019-07-10,28.5,21.6,25.0,0.7,8.5,18.16
2019-07-11,24.2,21.3,22.9,0.35,17.1,6.17
2019-07-12,28.1,20.3,23.8,0.0,10.8,16.94
2019-07-13,29.9,19.5,24.7,0.0,9.2,24.34
2019-07-14,29.2,20.4,25.3,0.3,7.0,18.66
2019-07-15,26.0,22.9,24.1,4.6,8.9,7.01
2019-07-16,27.4,21.3,24.0,2.65,12.4,14.23
2019-07-17,29.1,21.3,25.1,0.7,12.0,16.36
2019-07-18,30.5,22.6,26.2,1.9,10.2,18.67
2019-07-19,29.9,24.2,26.5,8.1,14.3,18.83
2019-07-20,26.8,23.3,24.7,8.3,10.3,6.03
2019-07-21,30.8,22.3,26.6,8.5,11.2,21.52
2019-07-22,28.6,23.6,25.4,4.3,17.3,9.33
2019-07-23,29.7,22.0,25.6,0.1,12.8,20.53
2019-07-24,30.7,22.6,26.4,2.2,8.9,16.96
2019-07-25,31.6,24.0,27.7,0.0,6.9,20.42
2019-07-26,30.3,23.3,27.4,0.0,6.8,17.26
2019-07-27,32.2,25.0,27.8,7.8,10.5,17.23
2019-07-28,31.6,24.1,27.3,6.166666666666666,11.7,14.8
2019-07-29,25.1,22.3,24.1,4.533333333333333,21.1,3.22
2019-07-30,29.2,21.6,24.5,2.9,9.5,13.96
2019-07-31,29.8,21.5,25.8,0.5,5.8,20.37
2019-08-01,29.6,22.8,26.2,5.6,9.2,19.76
2019-08-02,28.1,23.1,25.4,8.4,15.1,14.36
2019-08-03,28.6,22.9,25.0,6.85,13.8,12.57
2019-08-04,28.4,22.1,25.2,5.3,9.1,15.37
2019-08-05,26.5,22.9,24.5,3.533333333333333,13.5,7.63
2019-08-06,27.7,21.0,23.8,1.7666666666666666,21.8,13.63
2019-08-07,30.4,18.5,24.7,0.0,8.4,24.62
2019-08-08,29.6,21.9,25.8,1.9,13.5,19.7
2019-08-09,30.3,23.2,26.4,2.2,10.9,14.43
2019-08-10,32.5,21.1,26.9,0.0,7.9,24.28
2019-08-11,33.0,21.4,27.9,0.0,11.4,24.91
2019-08-12,33.5,22.7,28.7,0.0,7.9,24.48
2019-08-13,32.0,24.2,27.8,9.3,20.8,18.07
2019-08-14,33.0,23.0,27.4,4.4,20.7,22.27
2019-08-15,32.4,21.2,27.0,0.0,8.9,24.69
2019-08-16,32.9,22.5,27.9,0.0,9.4,24.49
2019-08-17,33.8,22.6,28.8,0.0,7.4,22.14
2019-08-18,33.1,26.2,28.8,0.2,16.1,16.29
2019-08-19,27.2,23.9,25.2,2.0666666666666664,14.4,7.83
2019-08-20,29.7,23.6,26.2,3.933333333333333,21.7,13.19
2019-08-21,27.5,24.1,25.7,5.8,20.0,10.58
2019-08-22,30.4,23.4,26.4,3.05,14.4,15.89
2019-08-23,30.9,23.0,26.9,0.3,12.1,20.46
2019-08-24,31.6,22.7,27.4,0.1,8.7,20.3
2019-08-25,32.2,23.9,28.0,0.0,10.5,21.11
2019-08-26,32.5,24.4,28.4,0.7,17.1,19.87
2019-08-27,29.9,24.4,26.9,0.0,14.5,11.42
2019-08-28,30.6,22.4,26.3,0.2,18.7,19.69
2019-08-29,28.8,22.2,25.5,0.1,8.7,12.62
2019-08-30,26.1,21.0,23.5,0.1,16.9,6.45
2019-08-31,24.2,19.7,21.4,4.0,8.2,9.55
2019-09-01,25.2,18.0,21.7,1.3,5.9,14.9
2019-09-02,23.0,20.1,21.4,3.8,7.8,5.89
2019-09-03,25.2,20.1,22.2,1.2,9.3,9.01
2019-09-04,24.9,20.7,22.3,0.6,14.3,10.86
2019-09-05,26.0,19.5,22.7,0.0,8.9,11.21
2019-09-06,26.9,20.3,23.3,0.0,8.4,12.35
2019-09-07,26.2,21.6,23.6,5.7,12.2,9.34
2019-09-08,26.8,21.2,24.0,4.7,10.7,10.39
2019-09-09,28.2,22.1,25.1,3.0,11.7,14.33
2019-09-10,27.1,21.8,24.3,2.4,19.7,14.71
2019-09-11,28.8,21.6,24.5,6.7,10.2,10.39
2019-09-12,28.5,22.8,25.2,9.5,16.2,9.98
2019-09-13,23.7,17.7,19.3,5.35,12.649999999999999,4.65
2019-09-14,23.2,16.9,19.4,1.2,9.1,12.55
2019-09-15,23.2,16.7,18.9,0.6,9.0,10.0
2019-09-16,24.6,17.1,20.5,1.7,8.2,15.59
2019-09-17,24.1,18.3,20.6,2.5,11.5,12.59
2019-09-18,25.0,17.5,21.2,0.2,13.1,16.5
2019-09-19,21.8,18.0,19.5,1.4,14.7,6.25
2019-09-20,25.4,17.8,20.9,0.0,10.1,13.37
2019-09-21,27.9,18.0,22.1,0.0,8.1,18.55
2019-09-22,26.1,18.0,22.0,0.3,8.3,17.52
2019-09-23,21.1,18.3,19.6,0.5,15.6,4.76
2019-09-24,20.6,16.6,18.4,9.0,15.1,5.77
2019-09-25,24.1,12.6,18.7,0.0,9.4,20.24
2019-09-26,23.4,15.5,19.3,0.8,7.2,12.9
2019-09-27,25.2,14.9,20.4,0.0,9.4,17.67
2019-09-28,25.5,16.3,20.8,0.2,8.0,16.49
2019-09-29,24.7,18.1,20.9,2.6,8.3,9.73
2019-09-30,26.2,18.4,22.0,1.1,7.6,13.71
2019-10-01,25.6,19.4,22.2,1.0,14.5,8.53
2019-10-02,24.3,17.2,20.9,0.1,10.8,10.04
2019-10-03,25.0,19.8,21.7,4.3,12.7,7.97
2019-10-04,24.1,18.8,21.0,0.2,10.9,5.31
2019-10-05,25.7,16.8,21.3,0.0,10.2,14.21
2019-10-06,22.1,19.0,20.3,0.0,16.9,6.56
2019-10-07,22.5,18.1,20.0,0.0,13.3,7.59
2019-10-08,21.6,17.2,19.1,0.0,10.2,9.8
2019-10-09,21.3,15.9,18.0,0.1,15.4,8.33
2019-10-10,22.5,17.2,19.3,0.0,8.8,9.45
2019-10-11,24.0,16.7,20.0,0.0,7.2,16.37
2019-10-12,23.4,13.9,18.6,0.0,9.5,15.6
2019-10-13,20.9,15.9,17.8,0.8,11.6,6.95
2019-10-14,21.0,16.2,17.9,7.2,8.3,8.43
2019-10-15,20.0,15.7,17.4,2.6,10.8,8.96
2019-10-16,21.5,14.7,17.5,2.3,12.8,10.72
2019-10-17,21.9,14.8,17.6,6.8,15.3,15.05
2019-10-18,21.8,12.6,17.2,0.0,9.8,13.21
2019-10-19,22.1,14.8,18.2,0.2,14.9,10.33
2019-10-20,22.4,16.8,19.1,1.0,9.3,9.42
2019-10-21,20.5,16.3,18.0,6.2,12.3,7.29
2019-10-22,22.2,14.7,18.1,9.0,11.9,10.94
2019-10-23,21.1,16.0,18.0,0.1,10.9,8.21
2019-10-24,17.3,12.0,14.6,2.35,25.2,2.21
2019-10-25,14.6,11.8,12.9,4.6,7.6,3.8
2019-10-26,14.2,11.5,12.6,4.9,8.0,2.79
2019-10-27,17.6,10.9,13.6,0.2,8.7,8.76
2019-10-28,21.8,9.3,15.2,0.1,9.8,16.28
2019-10-29,19.9,10.5,15.1,0.0,12.3,10.22
2019-10-30,21.8,10.8,16.7,0.0,7.4,13.66
2019-10-31,18.6,15.0,16.5,2.5,12.5,5.28
2019-11-01,19.4,14.3,16.4,2.6,10.8,9.3
2019-11-02,21.1,13.5,16.4,2.8,8.7,13.17
2019-11-03,19.2,11.5,15.4,0.9,9.4,6.96
2019-11-04,17.0,14.0,15.2,0.5,13.0,4.45
2019-11-05,17.1,13.5,14.8,1.7,11.1,5.73
2019-11-06,18.1,12.7,14.6,0.4,9.3,7.76
2019-11-07,19.7,9.7,14.8,0.1,7.7,10.85
2019-11-08,18.3,13.0,15.1,0.4,8.5,7.32
2019-11-09,17.4,13.0,14.8,0.7,12.6,4.64
2019-11-10,19.8,12.9,15.6,0.4,8.0,8.87
2019-11-11,18.6,11.9,14.8,0.3,10.0,7.74
2019-11-12,18.6,12.5,15.4,0.9,18.3,7.73
2019-11-13,15.4,11.2,13.4,0.5,12.4,3.88
2019-11-14,17.4,9.4,12.7,0.0,8.9,13.86
2019-11-15,17.9,7.2,12.3,0.1,7.2,13.13
2019-11-16,17.7,8.8,13.5,0.0,13.1,9.93
2019-11-17,19.4,9.1,13.2,0.0,26.1,10.82
2019-11-18,12.5,9.1,11.0,0.2,11.9,3.47
2019-11-19,11.4,8.5,10.0,0.0,7.3,5.05
2019-11-20,12.0,9.1,10.2,0.5,7.9,3.43
2019-11-21,14.2,6.2,10.5,0.0,8.3,9.35
2019-11-22,14.4,8.8,11.7,0.1,5.9,6.63
2019-11-23,15.5,8.7,12.2,0.5,13.4,9.29
2019-11-24,12.1,8.7,10.7,1.2,15.0,2.32
2019-11-25,11.5,5.2,8.7,0.0,7.4,9.26
2019-11-26,10.8,6.2,8.3,1.0,13.8,3.97
2019-11-27,13.0,5.1,9.1,0.7,12.0,7.55
2019-11-28,10.6,8.8,9.5,0.2,8.2,3.01
2019-11-29,10.4,8.0,9.2,1.1,13.3,2.43
2019-11-30,8.6,6.6,7.5,1.3,16.2,2.86
2019-12-01,11.8,2.9,7.5,0.0,10.4,10.87
2019-12-02,12.6,4.2,8.1,0.0,9.2,11.37
2019-12-03,12.1,1.9,7.4,0.0,8.4,10.45
2019-12-04,11.6,6.0,8.5,0.5,7.1,5.49
2019-12-05,13.4,3.8,8.1,0.0,9.0,10.55
2019-12-06,13.1,6.2,9.5,0.1,11.4,6.89
2019-12-07,12.2,6.1,8.8,0.0,13.1,5.46
2019-12-08,14.1,7.2,9.9,0.0,9.3,8.03
2019-12-09,13.6,3.7,7.9,0.0,9.7,10.76
2019-12-10,14.1,5.1,9.1,0.0,9.1,8.82
2019-12-11,13.2,4.5,8.4,0.0,9.3,6.5
2019-12-12,12.7,7.2,9.7,0.1,6.4,4.21
2019-12-13,12.1,6.9,9.6,0.0,9.4,2.9
2019-12-14,12.8,7.6,9.9,0.0,6.7,4.16
2019-12-15,13.7,6.9,10.1,0.0,8.7,6.96
2019-12-16,14.9,6.0,10.6,0.0,12.3,8.69
2019-12-17,11.6,7.5,10.2,2.8,11.7,3.79
2019-12-18,10.2,4.6,7.3,2.0,12.0,5.67
2019-12-19,11.2,0.7,6.1,0.2,16.3,8.64
2019-12-20,8.6,3.8,6.5,0.2,9.6,3.59
2019-12-21,8.8,4.7,6.2,1.9,9.7,4.95
2019-12-22,10.4,1.5,6.2,0.0,8.4,7.8
2019-12-23,11.9,4.5,8.1,2.0,9.4,8.02
2019-12-24,11.2,6.4,8.3,0.6,11.2,4.08
2019-12-25,10.7,7.4,8.7,0.8,17.3,3.2
2019-12-26,10.1,5.1,7.3,0.0,19.4,8.69
2019-12-27,10.4,3.3,6.3,0.0,8.0,11.94
2019-12-28,10.5,1.2,6.0,0.0,9.5,11.33
2019-12-29,9.8,1.3,6.2,0.0,8.9,6.97
2019-12-30,13.3,3.9,8.0,0.0,9.8,10.19
2019-12-31,11.3,4.5,7.7,0.0,7.7,5.73
2020-01-01,10.5,7.1,8.4,0.7,7.6,3.62
2020-01-02,10.9,6.7,8.4,0.5,11.5,4.08
2020-01-03,13.5,5.2,8.6,0.0,8.2,10.18
2020-01-04,10.9,5.6,8.1,0.0,9.9,5.38
2020-01-05,10.7,6.7,8.3,0.0,11.8,4.18
2020-01-06,10.0,4.2,7.6,1.0,10.5,3.32
2020-01-07,11.6,3.9,7.3,0.6,8.6,11.39
2020-01-08,11.0,3.9,7.4,0.1,10.8,5.18
2020-01-09,8.9,6.1,7.5,0.2,10.6,3.14
2020-01-10,10.0,5.3,7.2,0.6,11.9,3.94
2020-01-11,12.5,1.8,7.4,0.0,9.4,12.57
2020-01-12,12.8,2.2,7.3,0.0,21.2,9.84
2020-01-13,9.8,6.8,8.1,0.0,10.9,2.19
2020-01-14,8.3,6.3,7.1,0.2,10.9,2.35
2020-01-15,8.4,6.2,7.0,1.4,9.9,1.86
2020-01-16,11.5,3.4,7.5,0.0,8.4,11.07
2020-01-17,9.4,6.3,7.4,0.0,8.7,4.09
2020-01-18,8.2,5.2,6.2,0.8,12.5,2.59
2020-01-19,11.3,2.8,7.0,0.0,8.9,11.97
2020-01-20,10.7,3.6,7.1,0.1,11.7,6.39
2020-01-21,11.0,4.5,7.9,0.1,8.3,7.92
2020-01-22,12.3,4.5,8.6,0.0,9.5,7.31
2020-01-23,12.1,7.7,9.4,3.0,11.7,4.2
2020-01-24,11.6,3.0,8.0,3.7,24.4,8.34
2020-01-25,11.4,2.2,6.6,0.0,10.2,12.19
2020-01-26,8.0,5.0,6.3,0.0,13.5,3.49
2020-01-27,9.0,4.9,6.4,1.4,14.8,4.65
2020-01-28,8.0,3.5,5.7,2.1,11.2,3.45
2020-01-29,12.3,2.6,6.6,0.0,8.2,11.98
2020-01-30,11.4,2.4,7.0,0.5,9.0,7.16
2020-01-31,9.6,6.1,7.5,3.3,11.1,4.5
2020-02-01,10.3,5.7,7.7,1.0,13.2,4.84
2020-02-02,11.0,6.7,8.4,5.0,11.5,4.35
2020-02-03,12.5,2.9,7.9,0.2,8.9,10.35
2020-02-04,12.2,4.3,7.8,0.0,14.4,7.11
2020-02-05,10.2,6.8,8.3,4.1,12.6,3.72
2020-02-06,13.4,5.4,8.9,4.0,12.2,10.7
2020-02-07,10.6,5.7,7.8,3.0,12.6,6.35
2020-02-08,10.8,6.2,7.9,1.1,8.0,4.15
2020-02-09,14.6,4.5,9.4,0.0,10.4,14.7
2020-02-10,13.9,5.6,9.8,0.1,10.8,10.83
2020-02-11,15.1,5.3,10.3,0.0,8.0,8.91
2020-02-12,15.9,6.2,10.8,0.0,17.6,10.08
2020-02-13,17.3,6.7,11.9,0.0,12.7,12.02
2020-02-14,14.8,9.8,12.0,0.3,19.7,4.21
2020-02-15,10.1,4.3,6.0,0.4,22.4,5.86
2020-02-16,11.1,-0.7,5.2,3.1,8.7,17.03
2020-02-17,13.1,0.2,6.5,0.0,11.3,15.11
2020-02-18,11.9,0.7,6.4,0.2,12.7,10.43
2020-02-19,13.0,2.3,7.8,0.0,8.5,15.72
2020-02-20,11.4,6.2,9.0,0.1,12.8,3.99
2020-02-21,14.0,2.8,9.0,0.3,10.7,11.48
2020-02-22,14.4,6.7,10.5,0.0,10.4,10.81
2020-02-23,14.5,6.4,10.7,0.0,7.4,9.08
2020-02-24,17.0,6.1,10.7,0.1,10.1,14.82
2020-02-25,19.3,6.0,12.4,0.0,10.1,14.43
2020-02-26,19.2,10.4,14.0,0.0,10.2,12.87
2020-02-27,17.8,10.1,13.8,0.9,20.0,7.32
2020-02-28,18.9,8.7,13.3,2.5,17.2,15.33
2020-02-29,19.1,7.1,13.6,0.0,13.4,12.11
2020-03-01,16.0,13.0,14.2,0.0,18.8,4.46
2020-03-02,12.0,9.9,10.8,1.2,19.5,3.16
2020-03-03,14.8,8.9,11.4,1.6,10.6,11.14
2020-03-04,16.4,8.4,12.2,1.1,11.1,15.68
2020-03-05,16.1,8.5,12.0,0.1,14.1,8.61
2020-03-06,16.8,9.9,12.8,1.5,14.2,11.86
2020-03-07,18.8,9.3,13.6,1.2,11.5,10.1
2020-03-08,18.3,9.9,14.2,0.9,19.5,9.08
2020-03-09,14.9,10.4,12.9,0.8,18.5,7.92
2020-03-10,18.1,8.9,13.1,3.0,17.7,17.9
2020-03-11,16.3,8.2,12.3,2.1,8.3,11.72
2020-03-12,17.4,8.8,13.4,0.7,10.0,11.39
2020-03-13,16.9,10.0,13.6,0.0,19.8,8.41
2020-03-14,17.2,11.1,13.8,0.0,7.0,7.32
2020-03-15,16.9,10.3,13.2,0.0,11.4,8.54
2020-03-16,15.1,10.7,12.3,1.3,11.7,4.48
2020-03-17,21.8,9.9,15.2,0.0,11.0,20.16
2020-03-18,21.9,7.5,15.3,0.2,10.3,18.63
2020-03-19,25.8,9.6,17.3,0.0,13.0,21.3
2020-03-20,25.8,10.6,18.5,0.0,10.5,20.87
2020-03-21,26.1,15.5,20.5,0.2,16.4,15.04
2020-03-22,24.5,13.9,19.4,0.9,14.8,13.94
2020-03-23,26.2,12.6,19.6,0.0,11.7,17.22
2020-03-24,24.5,15.6,19.7,4.8,15.8,13.99
2020-03-25,26.7,15.4,21.0,1.9,11.7,14.3
2020-03-26,22.9,12.7,18.5,4.75,15.15,11.38
2020-03-27,18.8,11.7,14.5,7.6,18.6,7.86
2020-03-28,13.7,9.5,11.5,0.2,17.8,4.1
2020-03-29,15.5,8.2,11.0,1.7,15.2,12.81
2020-03-30,15.2,8.0,11.9,8.9,16.4,7.36
2020-03-31,21.5,7.2,14.5,1.2,12.5,20.56
2020-04-01,18.6,12.7,15.3,2.1,13.7,6.95
2020-04-02,15.8,11.2,13.9,1.2,20.4,4.76
2020-04-03,12.3,10.0,11.0,4.6,18.6,4.35
2020-04-04,17.8,9.4,12.5,1.7,15.4,9.45
2020-04-05,17.8,9.7,13.7,1.2,9.1,11.54
2020-04-06,18.0,11.1,14.4,0.2,9.1,9.9
2020-04-07,19.8,7.9,14.4,0.6,12.7,12.69
2020-04-08,24.9,10.5,17.3,0.0,11.3,22.65
2020-04-09,24.2,11.5,17.8,0.2,12.5,16.08
2020-04-10,25.8,15.0,19.9,0.3,16.3,17.46
2020-04-11,22.4,14.7,17.7,8.7,12.8,12.36
2020-04-12,24.8,11.7,18.2,0.3,16.5,17.5
2020-04-13,17.5,13.1,14.9,0.15,12.0,7.98
2020-04-14,21.9,9.3,16.3,0.0,6.5,17.76
2020-04-15,25.3,12.2,18.7,0.0,6.9,21.34
2020-04-16,28.1,14.0,21.5,0.0,13.1,17.72
2020-04-17,26.7,18.1,22.2,0.2,19.3,14.42
2020-04-18,24.7,16.2,19.8,0.6,15.4,16.03
2020-04-19,22.0,15.4,18.1,0.5,15.5,9.77
2020-04-20,21.4,15.9,18.5,0.3,16.0,7.29
2020-04-21,17.0,12.6,15.6,0.3,20.9,4.82
2020-04-22,15.7,10.5,12.9,0.9,15.6,5.31
2020-04-23,18.2,9.8,13.0,0.6,16.1,12.3
2020-04-24,22.5,7.8,15.5,0.0,11.2,24.45
2020-04-25,24.7,10.9,18.0,0.0,10.2,20.39
2020-04-26,28.3,13.1,20.7,0.0,10.5,21.53
2020-04-27,31.7,15.0,23.1,0.0,11.6,23.91
2020-04-28,31.8,14.2,23.6,0.0,11.5,25.01
2020-04-29,28.0,18.2,23.5,0.0,15.9,11.92
2020-04-30,32.0,19.0,25.2,0.0,16.8,21.13
2020-05-01,32.1,18.5,25.5,0.0,13.0,15.61
2020-05-02,35.1,19.3,27.4,0.0,10.6,24.68
2020-05-03,36.7,20.6,29.2,0.0,13.0,24.81
2020-05-04,35.5,23.6,29.3,0.2,18.0,20.29
2020-05-05,33.2,22.4,28.1,0.3,15.8,16.82
2020-05-06,33.5,24.7,28.4,2.3,18.5,18.89
2020-05-07,24.5,20.8,22.8,1.2999999999999998,25.7,9.61
2020-05-08,26.5,19.6,23.2,0.3,17.1,9.9
2020-05-09,25.0,18.6,21.4,0.0,25.5,13.91
2020-05-10,29.2,15.5,22.6,0.4,14.0,24.64
2020-05-11,25.6,17.1,21.1,5.9,15.5,11.15
2020-05-12,25.1,15.6,20.1,0.3,11.6,13.49
2020-05-13,27.0,16.6,21.7,0.3,15.0,17.3
2020-05-14,28.7,17.3,22.6,4.0,11.0,22.61
2020-05-15,30.2,16.9,23.9,0.8,11.9,20.27
2020-05-16,30.9,19.1,25.4,0.7,14.3,17.46
2020-05-17,36.5,23.2,29.1,0.0,15.9,26.41
2020-05-18,37.2,20.2,29.2,0.0,14.2,24.13
2020-05-19,36.7,24.1,30.4,0.0,22.9,20.02
2020-05-20,29.3,21.0,24.4,0.0,22.5,9.32
2020-05-21,24.6,20.8,22.3,0.0,12.0,6.15
2020-05-22,31.2,21.1,25.2,0.0,11.5,17.69
2020-05-23,31.4,18.6,25.6,0.0,8.7,22.82
2020-05-24,26.2,16.9,19.6,0.0,23.0,2.98
2020-05-25,25.0,16.0,20.1,0.0,16.5,12.49
2020-05-26,25.2,16.6,20.6,0.0,10.8,12.72
2020-05-27,24.4,15.8,20.7,0.0,16.4,14.18
2020-05-28,25.9,15.8,21.5,0.0,13.2,18.57
2020-05-29,29.5,16.7,23.2,0.0,10.0,25.17
2020-05-30,30.6,19.3,25.1,0.0,9.7,19.58
2020-05-31,29.3,21.0,25.1,3.8,10.2,22.96
2020-06-01,29.1,19.8,23.9,6.4,24.6,16.9
2020-06-02,27.1,18.1,21.9,8.0,25.2,17.16
2020-06-03,28.9,17.1,22.8,0.0,10.4,21.36
2020-06-04,30.9,18.9,24.9,0.0,9.0,20.05
2020-06-05,35.0,21.0,27.9,0.0,10.5,25.84
2020-06-06,33.5,24.1,28.6,0.3,15.4,15.57
2020-06-07,30.6,23.0,26.3,0.9,12.6,16.2
2020-06-08,31.4,22.4,25.9,0.2,19.4,18.07
2020-06-09,31.7,21.1,26.5,0.0,12.1,25.17
2020-06-10,30.5,21.5,26.3,2.0,9.7,19.79
2020-06-11,32.5,25.1,28.0,0.0,15.9,16.44
2020-06-12,32.7,24.7,27.9,0.1,11.8,12.9
2020-06-13,29.4,24.5,26.6,1.8,12.5,7.9
2020-06-14,33.2,23.7,28.5,0.0,8.6,17.3
2020-06-15,32.9,24.8,28.7,0.0,14.8,16.15
2020-06-16,29.5,23.2,26.5,3.3,27.6,12.72
2020-06-17,28.5,21.7,24.4,2.3499999999999996,18.0,15.72
2020-06-18,29.7,21.0,24.8,1.4,16.2,15.83
2020-06-19,30.4,19.8,25.5,0.2,10.5,20.08
2020-06-20,28.0,22.7,24.8,3.0,12.0,11.49
2020-06-21,26.8,21.9,23.8,2.7,9.7,8.98
2020-06-22,29.4,22.5,24.9,1.8,10.6,11.98
2020-06-23,31.3,22.2,26.2,1.9,9.9,22.34
2020-06-24,33.4,21.8,27.6,0.0,15.5,25.61
2020-06-25,33.9,22.9,28.8,0.0,15.1,21.03
2020-06-26,30.3,22.8,26.2,6.4,28.0,11.52
2020-06-27,29.9,20.2,24.9,4.1,15.5,19.98
2020-06-28,31.1,23.2,26.8,1.8,6.9,18.05
2020-06-29,32.3,22.7,27.6,0.7,5.9,20.26
2020-06-30,33.5,23.6,28.5,1.2,9.0,16.68
2020-07-01,27.7,21.9,24.8,0.6,25.7,6.18
2020-07-02,30.7,19.7,25.4,0.0,7.3,26.38
2020-07-03,29.8,21.4,26.0,1.9,11.6,18.94
2020-07-04,28.7,22.9,25.1,0.95,10.2,13.32
2020-07-05,29.3,21.6,25.4,0.0,6.8,18.56
2020-07-06,30.4,21.8,26.0,6.3,9.9,22.75
2020-07-07,29.3,22.0,25.9,1.2,6.4,15.57
2020-07-08,30.6,23.0,26.8,7.1,7.2,21.34
2020-07-09,31.6,23.8,27.4,0.3,11.0,18.95
2020-07-10,26.2,23.7,25.1,4.5,14.8,6.4
2020-07-11,28.5,21.3,24.4,4.1,17.1,14.51
2020-07-12,28.9,22.1,25.4,0.1,10.9,17.18
2020-07-13,30.1,22.9,26.4,1.2,9.7,17.9
2020-07-14,29.9,23.6,26.0,4.7,14.8,14.35
2020-07-15,30.4,23.3,26.4,1.4,14.0,14.98
2020-07-16,28.1,23.2,25.2,9.4,14.0,12.27
2020-07-17,30.2,22.9,25.7,9.0,11.0,13.9
2020-07-18,28.0,22.2,24.7,7.5,12.8,10.48
2020-07-19,31.9,19.7,26.5,0.0,10.4,25.56
2020-07-20,30.0,23.0,25.9,1.4,12.2,14.72
2020-07-21,27.2,21.4,23.7,10.1,13.2,13.99
2020-07-22,27.6,21.4,24.2,5.8999999999999995,6.9,14.17
2020-07-23,29.5,22.8,25.7,1.7,7.3,14.35
2020-07-24,29.1,23.5,25.8,5.9,15.0,12.37
2020-07-25,25.0,21.6,23.7,2.95,17.8,5.31
2020-07-26,33.4,20.7,26.7,0.0,12.2,25.27
2020-07-27,33.0,21.7,27.1,0.0,8.4,25.95
2020-07-28,32.7,23.4,28.0,0.8,14.1,21.92
2020-07-29,25.7,23.2,24.1,1.4333333333333336,24.6,4.58
2020-07-30,26.8,20.8,23.2,2.066666666666667,18.3,12.11
2020-07-31,27.2,21.3,23.7,2.7,11.6,11.67
2020-08-01,29.0,22.2,25.2,0.5,7.2,15.61
2020-08-02,30.0,23.3,26.0,2.15,6.1,16.55
2020-08-03,31.2,23.5,27.2,3.8,9.0,20.02
2020-08-04,30.3,23.8,26.7,5.699999999999999,10.5,16.66
2020-08-05,31.9,24.5,27.8,7.6,9.3,19.05
2020-08-06,31.6,25.1,27.8,5.066666666666666,16.5,15.54
2020-08-07,30.1,24.7,26.8,2.533333333333333,16.8,8.82
2020-08-08,31.8,23.9,27.9,0.0,9.1,21.64
2020-08-09,32.5,24.9,28.6,0.0,6.6,22.34
2020-08-10,32.5,25.4,29.0,1.4,14.1,19.63
2020-08-11,26.8,24.1,25.0,4.266666666666667,14.166666666666666,1.56
2020-08-12,24.6,21.4,23.7,7.133333333333333,14.233333333333334,1.76
2020-08-13,26.3,19.2,22.8,10.0,14.3,10.04
2020-08-14,29.6,21.9,25.4,8.1,11.2,16.82
2020-08-15,26.4,23.6,24.7,6.66,15.5,7.82
2020-08-16,23.8,21.3,22.2,5.22,30.3,2.62
2020-08-17,25.3,20.9,22.7,3.78,28.25,2.94
2020-08-18,23.6,18.5,20.4,2.34,26.2,8.22
2020-08-19,23.6,19.0,20.9,0.9,7.4,9.12
2020-08-20,27.4,16.9,22.3,0.0,8.7,17.42
2020-08-21,28.1,19.6,24.2,0.4,7.6,19.0
2020-08-22,28.2,22.5,25.0,3.6,13.5,15.23
2020-08-23,28.4,22.1,24.8,2.4000000000000004,28.8,10.86
2020-08-24,28.0,20.1,22.9,1.2000000000000002,19.6,15.49
2020-08-25,30.7,17.9,23.9,0.0,10.4,23.83
2020-08-26,30.3,20.0,25.1,0.0,9.9,23.29
2020-08-27,31.0,20.8,26.0,0.0,9.5,20.87
2020-08-28,31.5,22.8,27.1,0.1,9.1,19.5
2020-08-29,29.6,23.4,26.0,6.3,10.2,17.33
2020-08-30,25.1,21.4,23.6,5.85,29.2,7.52
2020-08-31,22.7,18.8,20.7,5.4,28.5,9.61
2020-09-01,25.9,18.7,21.8,0.1,11.0,10.54
2020-09-02,29.2,20.0,24.2,0.0,12.0,20.65
2020-09-03,29.6,19.8,24.3,0.0,8.7,18.45
2020-09-04,28.2,19.8,24.2,0.0,8.5,19.6
2020-09-05,26.2,20.8,23.5,7.9,14.8,8.25
2020-09-06,29.2,21.3,24.6,2.5,14.6,19.64
2020-09-07,30.0,18.8,24.5,0.0,8.2,21.93
2020-09-08,29.1,20.9,25.0,0.2,7.9,16.49
2020-09-09,25.7,22.4,23.5,6.8,11.7,6.0
2020-09-10,29.0,20.3,24.6,0.2,7.7,20.35
2020-09-11,24.3,21.2,22.8,2.7,12.7,7.24
2020-09-12,22.0,19.3,20.9,6.0,13.0,3.45
2020-09-13,22.8,18.3,20.0,9.3,13.3,7.84
2020-09-14,23.7,17.9,20.5,0.0,9.0,9.96
2020-09-15,24.9,16.7,21.0,0.0,8.5,10.27
2020-09-16,22.1,20.1,20.8,6.6,15.0,3.09
2020-09-17,25.0,17.0,20.9,3.3,16.6,18.43
2020-09-18,25.5,14.6,20.0,0.0,13.0,17.79
2020-09-19,24.2,15.5,20.1,0.5,9.4,10.93
2020-09-20,23.2,18.9,20.5,2.0,13.6,8.68
2020-09-21,21.4,18.6,19.5,2.9,20.3,6.41
2020-09-22,24.0,17.2,20.2,0.6,10.1,11.13
2020-09-23,24.4,16.8,20.7,1.6,7.3,15.75
2020-09-24,23.0,17.9,19.9,3.8,17.7,8.04
2020-09-25,19.2,17.5,18.3,3.05,13.4,3.05
2020-09-26,20.8,16.0,18.2,2.3,12.1,6.9
2020-09-27,20.6,17.0,18.5,2.7,11.9,5.3
2020-09-28,22.0,17.1,19.0,0.6,12.3,7.13
2020-09-29,24.7,16.5,20.0,2.2,8.5,15.37
2020-09-30,24.9,16.8,20.4,0.9,12.4,11.88
2020-10-01,23.1,18.8,20.4,3.3,11.0,8.16
2020-10-02,24.0,18.8,20.7,2.9,17.1,10.12
2020-10-03,22.6,18.3,20.0,0.2,12.0,8.49
2020-10-04,21.8,16.8,18.6,0.9,17.6,9.63
2020-10-05,18.4,15.0,16.3,1.9,22.7,10.07
2020-10-06,17.3,13.9,15.3,5.2,12.5,6.36
2020-10-07,19.8,13.2,16.1,2.8,7.2,12.28
2020-10-08,19.2,15.0,16.6,0.7,14.0,6.24
2020-10-09,19.1,15.0,16.7,1.9,5.9,6.69
2020-10-10,20.1,15.6,17.0,3.1,7.7,6.58
2020-10-11,20.1,15.4,17.2,1.2,7.1,7.21
2020-10-12,19.2,16.1,17.2,0.3,9.9,6.09
2020-10-13,19.0,14.5,16.2,2.9,14.8,6.4
2020-10-14,17.1,14.3,15.1,3.0,10.3,5.0
2020-10-15,18.5,13.5,15.6,0.1,11.0,9.68
2020-10-16,20.0,13.9,16.0,0.0,8.8,9.08
2020-10-17,17.5,12.6,15.0,0.1,13.1,7.95
2020-10-18,18.4,12.4,14.9,1.2,10.4,10.65
2020-10-19,17.7,13.8,15.3,3.8,7.1,6.27
2020-10-20,16.5,13.2,14.4,5.3,10.9,4.77
2020-10-21,22.0,9.4,15.2,0.0,10.4,17.59
2020-10-22,20.6,9.4,14.6,0.0,7.9,16.58
2020-10-23,19.7,9.4,14.8,0.1,8.4,9.02
2020-10-24,19.5,14.6,16.5,0.0,8.9,7.62
2020-10-25,20.1,14.4,16.9,0.1,7.6,6.59
2020-10-26,20.6,15.1,17.4,0.0,7.1,5.35
2020-10-27,16.4,13.5,15.3,0.1,15.1,4.3
2020-10-28,18.7,12.8,14.9,0.0,11.5,10.9
2020-10-29,18.7,11.1,14.8,0.0,6.3,12.42
2020-10-30,18.0,12.7,15.2,0.4,12.1,6.92
2020-10-31,18.6,14.1,15.8,0.5,8.7,5.31
2020-11-01,18.6,13.8,15.9,0.0,6.9,5.32
2020-11-02,19.2,13.3,15.7,0.0,6.4,6.91
2020-11-03,15.8,12.7,14.0,0.2,13.8,5.94
2020-11-04,14.1,12.2,12.9,4.7,11.0,2.64
2020-11-05,14.6,11.8,13.0,0.4,10.7,3.54
2020-11-06,20.2,11.8,15.3,0.0,7.6,13.23
2020-11-07,21.1,11.7,15.6,0.0,10.0,14.26
2020-11-08,19.7,11.8,15.4,0.4,10.6,8.45
2020-11-09,21.1,12.6,16.6,0.7,7.6,10.79
2020-11-10,21.0,13.1,16.4,0.0,9.3,8.68
2020-11-11,21.1,13.5,16.6,0.0,9.7,11.74
2020-11-12,21.2,13.7,16.8,0.0,11.5,11.08
2020-11-13,19.0,12.3,15.2,0.0,9.1,4.92
2020-11-14,21.1,12.8,16.7,0.0,6.9,11.58
2020-11-15,21.3,12.8,16.5,0.0,9.4,11.96
2020-11-16,20.3,12.5,15.8,0.0,9.2,8.62
2020-11-17,20.1,12.6,15.8,0.0,14.2,9.53
2020-11-18,18.7,13.4,15.7,0.0,9.8,9.13
2020-11-19,20.0,12.7,15.5,0.8,9.4,12.71
2020-11-20,17.3,12.9,14.7,0.4,13.2,6.01
2020-11-21,14.0,9.8,11.5,0.7,21.7,2.25
2020-11-22,9.3,6.3,7.8,0.1,14.6,4.89
2020-11-23,10.1,4.9,7.3,0.0,11.2,8.0
2020-11-24,9.5,6.3,7.7,0.1,6.9,4.61
2020-11-25,11.5,5.7,8.6,0.0,8.0,6.37
2020-11-26,12.6,6.2,9.2,0.0,8.1,8.07
2020-11-27,11.8,7.7,9.4,0.3,10.9,4.11
2020-11-28,12.1,7.2,9.0,1.1,13.7,7.9
2020-11-29,10.4,2.7,7.0,0.2,10.6,3.62
2020-11-30,9.5,6.7,7.9,3.3,12.1,1.83
2020-12-01,10.9,7.2,8.6,1.3,11.5,3.93
2020-12-02,9.2,7.8,8.4,5.3,13.3,2.08
2020-12-03,7.9,5.3,6.5,5.5,15.9,2.65
2020-12-04,6.9,5.4,5.8,1.9,15.1,2.26
2020-12-05,9.2,4.9,6.8,0.2,10.0,5.49
2020-12-06,8.7,5.8,7.1,1.3,9.7,2.3
2020-12-07,9.3,3.2,6.7,1.5,11.2,3.82
2020-12-08,8.9,1.5,5.8,0.1,9.4,5.67
2020-12-09,8.8,5.7,7.0,0.0,10.8,2.42
2020-12-10,11.4,2.5,7.3,0.0,10.8,10.49
2020-12-11,11.5,6.0,8.2,0.0,8.7,7.27
2020-12-12,9.9,4.1,6.8,0.0,11.2,4.96
2020-12-13,10.1,3.7,7.2,3.3,23.8,3.05
2020-12-14,5.5,1.8,3.6,2.9,22.7,5.38
2020-12-15,5.1,2.6,3.8,1.3,10.5,2.83
2020-12-16,5.7,3.4,4.3,2.7,12.3,2.82
2020-12-17,5.5,3.2,4.0,3.9,12.9,2.85
2020-12-18,8.4,2.4,4.9,0.0,15.1,9.1
2020-12-19,8.4,1.1,4.4,0.0,9.4,11.17
2020-12-20,8.1,-1.0,3.9,0.0,9.3,7.95
2020-12-21,8.2,-1.0,4.1,0.0,7.9,7.43
2020-12-22,7.8,-0.0,4.9,0.0,13.5,5.51
2020-12-23,11.8,1.8,6.1,0.0,11.2,11.87
2020-12-24,10.3,0.5,5.5,0.7,7.3,8.46
2020-12-25,8.0,4.6,6.3,2.6,8.7,3.42
2020-12-26,10.0,2.8,6.2,4.2,8.0,7.21
2020-12-27,9.9,-0.3,5.1,0.0,9.5,8.03
2020-12-28,9.9,4.2,6.6,0.0,10.8,6.24
2020-12-29,9.5,1.7,6.4,0.2,12.5,8.21
2020-12-30,5.9,0.3,3.1,0.0,11.6,7.22
2020-12-31,7.1,2.1,3.8,0.0,9.2,8.13
2021-01-01,7.7,-2.1,3.4,0.0,9.2,9.12
2021-01-02,6.2,3.2,4.5,0.5,10.6,2.85
2021-01-03,10.0,1.3,5.6,0.0,11.2,11.8
2021-01-04,8.9,1.5,4.9,0.0,11.4,6.52
2021-01-05,9.1,4.2,6.4,0.0,11.7,5.94
2021-01-06,7.1,3.1,5.0,1.8,19.0,4.35
2021-01-07,2.5,0.3,1.2,3.2,21.8,2.41
2021-01-08,5.2,-1.0,1.5,0.3,9.2,8.57
2021-01-09,4.4,-2.0,1.0,0.0,10.9,5.62
2021-01-10,5.3,-2.0,1.7,0.0,13.5,6.7
2021-01-11,6.9,-3.4,1.4,0.0,8.7,13.33
2021-01-12,7.5,-4.7,1.2,0.0,8.4,13.5
2021-01-13,9.0,-3.0,2.4,0.0,8.3,13.19
2021-01-14,10.6,-2.8,3.4,0.0,9.8,13.76
2021-01-15,12.4,-0.4,5.4,0.0,10.1,13.49
2021-01-16,10.5,2.9,6.0,0.7,19.4,5.54
2021-01-17,9.6,2.0,5.3,0.3,13.7,13.44
2021-01-18,8.7,-3.1,2.8,0.0,9.7,13.68
2021-01-19,6.5,-1.1,2.7,0.0,7.5,5.18
2021-01-20,10.6,2.0,5.9,0.0,7.8,4.43
2021-01-21,13.8,2.6,8.1,0.0,9.1,13.48
2021-01-22,15.3,2.6,8.3,0.0,10.5,14.07
2021-01-23,12.2,5.4,7.9,0.0,15.2,8.24
2021-01-24,10.4,6.0,8.4,0.4,13.3,3.77
2021-01-25,10.8,6.3,8.2,1.1,10.9,4.09
2021-01-26,11.8,5.3,8.2,0.3,7.7,8.95
2021-01-27,11.5,5.7,8.0,1.9,10.7,6.8
2021-01-28,12.0,2.1,7.8,0.1,10.9,12.84
2021-01-29,9.5,5.1,7.4,0.8,10.9,4.19
2021-01-30,13.0,6.6,9.0,1.4,7.6,9.13
2021-01-31,13.7,6.2,9.4,0.1,8.8,10.9
2021-02-01,14.4,2.1,8.7,0.0,7.7,12.04
2021-02-02,13.1,5.7,9.8,0.0,7.9,6.62
2021-02-03,12.8,4.3,8.5,0.2,10.6,7.28
2021-02-04,10.8,7.0,8.9,0.5,13.8,2.96
2021-02-05,16.0,2.8,9.5,0.0,10.6,15.71
2021-02-06,14.8,3.0,9.2,0.0,8.9,12.45
2021-02-07,17.8,4.5,10.8,0.0,11.3,15.04
2021-02-08,16.9,3.9,10.7,0.0,8.7,14.27
2021-02-09,15.8,5.4,10.6,0.0,9.9,10.2
2021-02-10,17.3,5.7,11.6,0.1,8.9,11.24
2021-02-11,15.9,9.9,12.4,0.3,9.8,6.77
2021-02-12,17.4,7.2,11.7,0.0,9.9,11.84
2021-02-13,17.8,9.0,12.9,0.9,11.7,10.36
2021-02-14,17.5,4.8,11.2,0.0,11.9,12.75
2021-02-15,16.4,9.7,12.5,5.6,19.1,10.16
2021-02-16,17.9,6.8,11.6,1.6,9.4,17.43
2021-02-17,17.1,9.0,12.6,0.7,12.1,9.24
2021-02-18,15.8,8.4,11.9,0.8,9.7,11.33
2021-02-19,18.4,8.9,12.7,0.5,8.2,14.24
2021-02-20,19.6,7.8,13.1,0.8,11.2,13.66
2021-02-21,20.3,8.2,14.0,0.0,9.4,14.39
2021-02-22,21.7,8.1,15.1,0.0,8.9,13.01
2021-02-23,23.9,9.6,17.2,0.0,9.8,16.3
2021-02-24,21.7,14.4,17.2,0.0,17.6,10.14
2021-02-25,16.0,11.5,13.4,6.2,24.7,5.64
2021-02-26,14.3,8.4,11.5,4.2,13.7,9.9
2021-02-27,11.3,8.4,9.5,0.0,14.2,4.18
2021-02-28,11.0,7.9,9.0,1.1,17.6,6.6
2021-03-01,15.3,7.4,10.8,0.0,10.8,12.26
2021-03-02,15.2,7.1,10.8,1.0,12.2,10.57
2021-03-03,14.3,6.5,10.5,0.6,6.5,9.67
2021-03-04,13.3,9.3,11.0,0.0,9.8,5.01
2021-03-05,18.1,8.5,12.9,0.2,11.5,13.31
2021-03-06,17.3,10.5,13.1,3.8,10.5,11.45
2021-03-07,14.7,8.2,11.9,0.5,8.7,7.72
2021-03-08,15.0,10.0,11.8,2.7,11.2,6.78
2021-03-09,13.4,9.6,11.4,0.6,6.4,3.55
2021-03-10,15.8,10.6,12.5,2.4,11.0,5.98
2021-03-11,17.8,8.9,13.6,0.8,7.6,10.68
2021-03-12,18.8,10.7,14.6,1.5,15.3,8.73
2021-03-13,21.3,9.2,15.5,0.0,8.8,13.29
2021-03-14,19.8,13.5,16.2,1.0,17.7,7.07
2021-03-15,24.1,12.1,17.8,0.2,8.5,19.5
2021-03-16,23.9,13.0,18.3,0.9,8.6,14.56
2021-03-17,22.5,16.8,18.6,0.5,20.0,9.2
2021-03-18,21.6,14.7,17.8,4.1,19.2,10.71
2021-03-19,16.9,13.4,14.9,2.5,23.7,5.53
2021-03-20,13.6,7.9,11.6,4.3,16.5,6.11
2021-03-21,13.6,7.1,9.6,1.1,16.8,8.6
2021-03-22,14.7,2.6,9.3,0.7,8.5,15.01
2021-03-23,18.1,4.6,11.3,0.0,9.1,21.73
2021-03-24,17.4,6.7,12.5,0.0,10.8,13.64
2021-03-25,19.2,11.2,14.5,0.5,11.5,10.68
2021-03-26,19.5,11.9,14.7,1.4,11.2,10.78
2021-03-27,23.4,10.7,16.7,0.3,13.4,21.24
2021-03-28,24.3,10.4,17.5,0.0,10.5,22.38
2021-03-29,26.7,13.0,19.8,0.0,14.0,21.98
2021-03-30,25.8,15.7,20.7,2.0,18.9,15.81
2021-03-31,20.0,14.8,17.3,7.0,20.4,7.56
2021-04-01,16.9,13.3,14.8,5.7,17.5,6.88
2021-04-02,17.2,12.9,14.5,0.0,7.8,8.38
2021-04-03,18.3,11.8,15.1,0.1,10.5,12.11
2021-04-04,16.3,12.2,14.1,0.0,14.8,6.82
2021-04-05,18.6,11.6,14.7,0.0,11.2,11.45
2021-04-06,17.1,11.7,14.2,3.3,10.6,6.78
2021-04-07,21.1,11.6,16.2,0.6,9.4,14.98
2021-04-08,20.7,12.9,16.4,2.0,15.6,12.07
2021-04-09,16.8,13.4,14.9,5.7,13.4,4.66
2021-04-10,16.4,12.9,14.1,6.4,12.4,5.04
2021-04-11,18.1,12.3,14.6,0.5,10.2,7.91
2021-04-12,20.1,10.5,15.9,0.9,6.9,12.48
2021-04-13,20.5,13.5,16.8,5.4,13.5,12.7
2021-04-14,19.2,12.5,15.1,4.5,17.3,12.35
2021-04-15,17.8,10.4,14.2,1.5,14.3,6.62
2021-04-16,22.2,11.0,17.1,5.6,9.0,20.3
2021-04-17,17.6,14.6,16.0,4.1,7.9,4.6
2021-04-18,19.7,14.6,16.0,6.4,9.1,8.54
2021-04-19,18.0,13.6,15.5,0.5,13.2,6.69
2021-04-20,21.7,13.5,17.0,0.1,11.0,14.03
2021-04-21,22.8,14.1,17.7,0.3,13.3,13.18
2021-04-22,22.4,15.1,18.6,1.3,9.8,9.92
2021-04-23,25.1,16.5,20.7,0.0,17.6,13.89
2021-04-24,26.0,17.1,20.6,1.8,19.6,19.65
2021-04-25,20.5,15.3,17.7,1.8,18.1,11.54
2021-04-26,23.3,13.5,18.1,0.3,15.8,18.12
2021-04-27,25.4,15.5,19.5,6.3,18.7,20.4
2021-04-28,21.9,14.5,17.5,2.2,22.9,15.03
2021-04-29,25.9,11.3,19.0,0.0,13.0,25.13
2021-04-30,28.6,15.4,21.7,0.0,11.4,22.16
2021-05-01,31.7,16.8,24.3,0.0,10.3,22.77
2021-05-02,29.8,19.2,23.8,3.0,25.9,18.4
2021-05-03,27.9,19.0,22.9,6.0,22.8,18.97
2021-05-04,23.2,18.3,20.7,1.0,19.9,8.84
2021-05-05,21.6,14.1,17.9,1.5,13.2,13.71
2021-05-06,21.9,14.9,17.9,0.75,6.5,12.7
2021-05-07,26.0,15.8,20.1,0.0,11.2,17.23
2021-05-08,27.7,14.8,21.7,0.0,10.8,25.02
2021-05-09,28.7,16.8,23.2,0.0,8.7,19.46
2021-05-10,26.5,19.6,22.8,4.7,19.3,17.36
2021-05-11,27.5,18.0,22.9,0.7,7.8,21.23
2021-05-12,25.0,19.6,21.6,2.75,8.0,10.83
2021-05-13,26.7,19.1,22.2,4.8,9.0,15.52
2021-05-14,27.2,19.0,22.9,4.9,14.1,16.85
2021-05-15,25.7,18.6,21.8,2.0,17.7,16.27
2021-05-16,25.3,16.9,20.7,0.2,14.1,16.8
2021-05-17,25.9,17.7,21.2,2.0,12.7,19.19
2021-05-18,24.2,16.2,20.3,5.7,9.7,16.07
2021-05-19,25.6,16.8,20.7,1.8,10.3,14.19
2021-05-20,26.4,18.5,21.9,1.2,8.5,12.51
2021-05-21,24.2,18.8,21.0,6.4,11.1,8.91
2021-05-22,24.9,17.5,20.9,1.8,12.8,11.34
2021-05-23,23.1,17.3,19.8,0.1,13.7,11.4
2021-05-24,26.3,16.7,21.5,0.4,8.2,21.77
2021-05-25,23.3,16.7,20.1,1.6,15.9,12.13
2021-05-26,23.9,15.6,19.3,0.2,16.1,9.54
2021-05-27,27.0,17.8,22.1,0.0,11.0,20.29
2021-05-28,26.8,19.3,23.0,0.2,7.9,14.27
2021-05-29,25.7,19.9,22.5,2.9,12.7,13.6
2021-05-30,27.2,19.2,23.3,0.1,7.9,15.63
2021-05-31,30.5,19.5,25.5,0.0,7.5,24.7
2021-06-01,28.1,21.5,24.1,1.3,20.4,14.23
2021-06-02,30.0,21.3,25.3,0.5,11.5,21.37
2021-06-03,25.4,18.7,22.1,1.9,11.8,6.79
2021-06-04,29.2,17.2,22.9,0.0,12.1,25.22
2021-06-05,31.2,16.7,23.7,0.0,10.3,25.41
2021-06-06,29.2,17.9,23.4,0.0,10.2,12.31
2021-06-07,29.3,19.3,24.3,0.0,13.7,10.1
2021-06-08,24.9,19.7,21.9,2.0,13.8,6.48
2021-06-09,26.0,18.9,21.5,1.0,8.9,12.7
2021-06-10,29.6,17.5,23.6,0.0,10.8,22.91
2021-06-11,28.5,18.9,23.9,0.7,10.7,18.29
2021-06-12,30.8,22.7,26.3,0.0,8.7,17.32
2021-06-13,29.8,23.1,26.1,0.7,7.9,12.32
2021-06-14,29.6,23.6,25.7,4.2,14.1,9.87
2021-06-15,31.1,23.9,26.9,0.1,10.7,14.27
2021-06-16,26.2,21.2,24.3,0.06666666666666668,25.0,8.91
2021-06-17,26.7,19.1,22.0,0.03333333333333334,18.6,15.93
2021-06-18,24.7,20.0,22.0,0.0,8.3,9.96
2021-06-19,27.4,18.7,23.1,0.0,7.0,18.73
2021-06-20,28.7,19.7,24.2,0.0,7.2,23.42
2021-06-21,28.7,19.7,23.9,0.1,7.4,14.64
2021-06-22,31.0,20.7,26.2,0.0,8.7,25.85
2021-06-23,29.9,22.7,26.5,0.0,9.4,16.28
2021-06-24,25.5,22.9,24.0,2.6,11.4,6.98
2021-06-25,27.9,20.6,23.3,5.2,11.5,14.15
2021-06-26,28.4,19.9,24.5,0.2,7.4,16.92
2021-06-27,31.5,22.2,26.6,0.9,8.3,21.58
2021-06-28,32.0,22.9,27.0,0.8,14.3,20.56
2021-06-29,31.0,23.8,27.4,0.6,11.1,20.07
2021-06-30,30.1,23.1,26.6,0.0,8.8,15.07
2021-07-01,30.3,23.7,26.5,0.3,9.4,16.83
2021-07-02,29.8,22.4,24.9,6.6,16.3,16.43
2021-07-03,30.8,19.7,26.1,0.0,6.7,22.04
2021-07-04,31.2,22.5,27.1,0.0,6.4,22.81
2021-07-05,27.4,22.5,25.4,1.3,8.6,11.6
2021-07-06,29.4,23.4,26.0,2.0,6.0,11.93
2021-07-07,30.5,23.5,26.8,4.1,9.9,18.72
2021-07-08,28.5,23.8,25.8,4.5,10.4,13.39
2021-07-09,25.4,22.3,23.9,4.65,7.3,5.89
2021-07-10,28.7,22.3,24.9,4.8,10.1,12.34
2021-07-11,30.2,21.5,25.8,1.6,6.7,20.06
2021-07-12,31.2,22.4,27.1,0.0,12.2,24.04
2021-07-13,31.7,24.1,28.1,1.0,7.2,19.45
2021-07-14,30.7,24.6,27.4,0.925,14.6,16.08
2021-07-15,24.8,23.5,24.1,0.85,26.1,1.77
2021-07-16,26.9,22.9,24.4,0.7749999999999999,22.0,11.64
2021-07-17,30.5,23.0,26.7,0.7,6.9,22.4
2021-07-18,30.8,23.1,27.0,1.5,9.6,21.08
2021-07-19,29.3,22.8,25.7,3.95,14.0,16.15
2021-07-20,28.6,22.1,25.4,6.4,10.6,16.78
2021-07-21,29.7,22.9,25.9,8.9,9.7,20.16
2021-07-22,29.2,22.7,25.6,9.5,10.0,18.65
2021-07-23,30.6,23.4,26.7,10.1,12.7,19.47
2021-07-24,29.1,22.8,25.5,10.1,17.8,16.41
2021-07-25,29.6,22.9,26.0,8.3,9.2,17.04
2021-07-26,29.1,23.1,26.0,7.7,15.5,18.21
2021-07-27,31.0,22.6,26.6,0.0,12.3,21.11
2021-07-28,31.9,22.5,27.3,0.0,14.0,24.74
2021-07-29,32.8,22.9,28.3,0.0,16.6,25.06
2021-07-30,33.7,24.1,28.4,0.0,9.9,21.75
2021-07-31,33.2,21.8,27.7,0.0,8.7,25.32
2021-08-01,32.8,20.8,27.4,0.0,9.4,26.29
2021-08-02,33.9,22.2,28.4,0.0,9.2,25.99
2021-08-03,34.1,24.3,29.4,0.0,12.1,23.94
2021-08-04,33.7,25.0,29.2,0.4,16.5,23.45
2021-08-05,27.3,23.6,25.3,0.35,16.2,11.99
2021-08-06,29.3,21.4,25.8,0.3,14.3,14.62
2021-08-07,29.8,23.4,26.3,5.8,18.1,15.88
2021-08-08,27.9,23.0,24.7,6.7,8.7,9.35
2021-08-09,31.8,21.8,27.1,0.0,8.0,24.29
2021-08-10,31.7,23.5,27.5,0.0,13.7,22.01
2021-08-11,30.2,24.0,27.1,2.8,11.6,18.13
2021-08-12,27.9,22.5,24.7,1.7,16.3,12.14
2021-08-13,29.0,21.9,25.3,0.6,15.1,17.85
2021-08-14,27.8,22.3,25.1,0.0,8.8,15.97
2021-08-15,28.0,20.8,24.7,1.4,9.2,18.06
2021-08-16,26.6,22.9,24.1,3.2,13.4,6.76
2021-08-17,26.7,22.9,24.3,5.0,17.3,8.44
2021-08-18,28.9,22.6,25.1,6.8,13.4,13.05
2021-08-19,29.8,23.5,25.9,8.6,10.5,14.62
2021-08-20,30.3,23.3,26.5,8.95,12.2,18.09
2021-08-21,30.7,24.2,27.1,9.3,12.2,18.04
2021-08-22,25.1,21.2,22.8,4.95,11.2,3.69
2021-08-23,30.3,19.7,24.7,0.6,10.2,24.08
2021-08-24,31.1,21.9,26.1,0.0,11.8,21.66
2021-08-25,23.9,18.6,21.2,1.8333333333333333,18.7,2.41
2021-08-26,21.4,18.6,19.5,3.6666666666666665,10.7,5.13
2021-08-27,24.6,16.6,20.8,5.5,7.6,18.25
2021-08-28,22.6,19.4,20.7,2.85,9.4,6.17
2021-08-29,27.4,18.7,22.3,0.2,10.5,16.47
2021-08-30,27.2,20.2,23.7,0.5,10.8,16.07
2021-08-31,27.0,21.2,24.1,1.5,8.4,13.14
2021-09-01,28.6,21.8,24.8,0.7,12.2,17.41
2021-09-02,28.5,22.6,25.1,4.3,7.9,14.17
2021-09-03,29.7,22.7,25.5,8.9,14.5,13.79
2021-09-04,25.2,21.2,23.0,4.5,27.4,12.68
2021-09-05,28.1,20.0,24.1,0.1,21.7,18.87
2021-09-06,26.8,20.9,23.1,0.5,21.9,14.26
2021-09-07,27.4,20.4,23.2,1.0,8.4,17.91
2021-09-08,25.8,19.7,22.2,1.1,10.9,12.17
2021-09-09,27.4,18.0,22.5,0.0,9.8,21.77
2021-09-10,27.7,18.2,22.8,0.0,7.6,16.94
2021-09-11,26.9,20.3,23.2,2.6,6.6,13.81
2021-09-12,28.1,19.9,23.9,1.1,10.0,17.27
2021-09-13,26.5,22.1,23.6,2.375,15.4,10.59
2021-09-14,27.0,20.5,22.8,3.65,19.6,10.13
2021-09-15,25.2,20.5,22.1,4.925,19.3,8.24
2021-09-16,24.7,19.7,22.0,6.2,15.5,11.72
2021-09-17,24.9,20.1,22.0,0.2,17.1,8.84
2021-09-18,24.1,19.4,21.1,5.9,12.0,8.76
2021-09-19,27.9,18.2,22.4,0.3,19.7,20.31
2021-09-20,28.5,17.2,22.9,0.0,11.5,21.25
2021-09-21,28.4,19.9,24.0,0.1,7.3,19.65
2021-09-22,28.5,20.8,24.5,1.6,12.7,16.56
2021-09-23,28.2,21.7,24.6,7.4,14.8,14.41
2021-09-24,27.7,21.4,24.2,4.7,11.2,12.67
2021-09-25,28.7,22.0,24.8,3.9,17.0,13.14
2021-09-26,23.6,19.9,21.9,3.0999999999999996,28.2,7.96
2021-09-27,26.2,17.5,21.9,2.3,10.4,19.03
2021-09-28,28.0,18.4,23.1,6.9,13.0,19.81
2021-09-29,27.9,17.3,22.8,0.0,9.6,19.59
2021-09-30,28.4,20.9,24.3,0.3,9.6,15.42
2021-10-01,27.8,20.9,24.0,0.4,10.9,14.29
2021-10-02,28.1,20.9,24.3,0.1,10.5,10.95
2021-10-03,28.8,22.6,25.1,4.6,16.3,13.59
2021-10-04,23.2,17.6,19.7,6.2,30.0,6.03
2021-10-05,22.5,16.8,18.9,7.800000000000001,16.0,12.88
2021-10-06,20.5,15.6,18.1,9.4,18.1,6.02
2021-10-07,22.5,15.8,18.6,0.0,11.2,12.19
2021-10-08,22.2,15.1,18.5,0.4,11.3,11.42
2021-10-09,19.5,16.0,17.8,3.8,16.9,4.1
2021-10-10,18.1,15.0,16.1,1.4,15.9,5.63
2021-10-11,18.3,13.7,15.8,0.4,10.9,8.99
2021-10-12,18.3,14.7,16.2,0.3,7.6,6.31
2021-10-13,19.0,15.0,16.3,1.5,8.4,4.89
2021-10-14,20.6,15.9,17.9,0.6,7.3,6.16
2021-10-15,18.3,14.2,16.6,6.0,11.6,6.39
2021-10-16,17.1,13.7,15.0,0.7,13.6,5.94
2021-10-17,14.6,11.9,13.4,0.4,8.4,3.84
2021-10-18,18.2,10.5,14.2,0.1,8.7,9.01
2021-10-19,15.9,11.1,14.0,2.8,8.7,3.21
2021-10-20,15.8,13.2,14.1,1.3,12.1,3.57
2021-10-21,16.6,12.4,14.0,4.5,6.7,4.86
2021-10-22,17.3,12.4,14.3,1.5,7.4,9.27
2021-10-23,16.6,11.6,13.9,0.2,10.6,4.62
2021-10-24,18.3,11.4,14.8,0.3,9.0,6.75
2021-10-25,15.6,13.6,14.4,3.6,9.9,2.53
2021-10-26,18.7,13.4,15.3,2.2,10.0,8.16
2021-10-27,19.0,13.1,15.2,1.6,14.0,7.03
2021-10-28,17.4,13.1,14.8,4.1,9.4,6.05
2021-10-29,20.5,13.1,15.7,0.9,8.9,11.38
2021-10-30,18.3,11.7,14.9,8.0,9.0,6.21
2021-10-31,19.2,13.9,15.6,6.5,11.1,7.28
2021-11-01,15.3,12.4,14.1,3.0,10.2,3.09
2021-11-02,15.3,11.3,13.2,2.1,8.1,2.6
2021-11-03,15.1,12.3,13.6,1.0,8.9,2.5
2021-11-04,18.5,11.9,14.5,0.3,8.1,7.02
2021-11-05,19.2,10.0,14.7,0.2,7.6,8.27
2021-11-06,16.0,8.3,13.1,4.3,15.799999999999999,1.82
2021-11-07,8.3,3.7,5.7,5.7,24.0,2.42
2021-11-08,12.8,4.4,7.8,0.0,10.9,11.87
2021-11-09,13.9,3.7,8.4,2.2,10.0,12.69
2021-11-10,15.0,3.0,8.5,0.0,10.2,12.81
2021-11-11,14.5,5.4,9.0,0.0,12.9,7.81
2021-11-12,16.0,2.7,8.9,0.0,9.3,12.88
2021-11-13,13.7,4.5,8.5,0.0,9.7,9.1
2021-11-14,13.3,3.7,8.3,0.0,9.4,7.02
2021-11-15,11.9,4.8,8.7,0.0,5.8,3.03
2021-11-16,14.8,8.4,10.8,0.0,11.0,7.38
2021-11-17,16.1,6.4,10.8,1.0,8.3,11.96
2021-11-18,12.9,6.0,9.6,0.0,10.0,5.14
2021-11-19,15.4,6.9,11.5,0.0,11.5,7.5
2021-11-20,15.8,10.5,12.7,0.2,12.6,4.85
2021-11-21,11.8,8.8,10.5,0.9,20.1,2.0
2021-11-22,11.9,7.6,9.3,0.2,14.4,5.56
2021-11-23,13.5,4.9,8.8,0.0,8.7,10.65
2021-11-24,13.6,4.6,8.9,0.0,9.2,9.35
2021-11-25,14.5,3.8,9.5,0.0,7.2,8.44
2021-11-26,12.3,8.4,10.2,1.6,7.2,2.99
2021-11-27,13.4,8.8,10.6,0.5,7.6,4.99
2021-11-28,13.7,4.9,9.9,0.0,7.5,4.64
2021-11-29,12.8,9.1,10.7,0.6,11.2,4.79
2021-11-30,15.4,6.1,10.1,0.0,10.5,11.13
2021-12-01,15.1,5.4,9.6,0.0,10.2,10.68
2021-12-02,15.9,4.1,9.7,0.0,8.6,10.9
2021-12-03,15.9,3.2,8.9,0.0,9.6,10.67
2021-12-04,15.0,4.4,9.5,0.0,11.4,8.4
2021-12-05,16.4,3.9,9.4,0.0,8.7,10.69
2021-12-06,12.0,6.8,9.6,0.0,10.0,1.91
2021-12-07,10.8,8.7,9.8,3.0,19.2,1.81
2021-12-08,13.2,6.2,9.5,0.1,14.0,6.34
2021-12-09,13.8,2.9,8.9,0.0,11.1,8.53
2021-12-10,10.7,8.6,9.6,1.2,9.4,1.94
2021-12-11,12.7,8.5,10.0,3.3,7.9,3.81
2021-12-12,13.0,6.5,9.6,0.1,12.0,9.15
2021-12-13,13.2,7.1,9.6,0.0,14.5,8.38
2021-12-14,10.3,7.9,8.9,1.0,8.9,2.12
2021-12-15,10.8,8.3,9.3,0.4,9.5,2.2
2021-12-16,11.9,6.0,9.4,0.0,9.7,4.36
2021-12-17,10.9,5.2,7.6,0.0,10.0,7.69
2021-12-18,10.9,4.2,7.0,0.0,9.6,10.0
2021-12-19,9.9,1.3,6.0,0.3,12.4,7.07
2021-12-20,12.3,2.2,6.6,0.0,10.0,9.7
2021-12-21,12.2,1.4,6.2,0.0,9.1,9.53
2021-12-22,11.8,1.8,6.5,0.0,7.2,6.44
2021-12-23,11.3,4.1,7.3,0.0,9.4,3.87
2021-12-24,14.3,2.2,8.1,0.1,10.5,10.0
2021-12-25,9.0,4.3,6.8,5.1,21.4,1.94
2021-12-26,5.0,2.6,3.6,3.8,16.0,5.35
2021-12-27,4.8,1.7,2.9,0.3,10.6,3.71
2021-12-28,5.4,1.5,3.0,0.7,10.4,4.15
2021-12-29,8.9,-2.3,2.4,0.0,10.1,10.64
2021-12-30,8.4,-2.9,2.7,0.0,9.9,6.8
2021-12-31,7.5,2.0,4.4,1.3,7.6,3.3
2022-01-01,11.1,0.4,5.9,0.1,9.6,10.2
2022-01-02,10.7,0.4,6.1,0.0,7.8,7.82
2022-01-03,9.9,5.0,7.3,0.0,8.9,4.19
2022-01-04,11.6,3.9,7.7,0.2,8.3,7.94
2022-01-05,11.6,1.5,6.6,0.1,10.8,6.92
2022-01-06,10.5,6.8,8.1,0.8,11.0,3.07
2022-01-07,10.2,6.2,8.0,1.3,8.1,4.23
2022-01-08,9.6,6.4,7.6,0.7,8.7,1.99
2022-01-09,10.0,1.6,6.0,0.0,9.4,4.09
2022-01-10,12.5,5.5,8.2,2.2,14.2,6.63
2022-01-11,13.0,1.4,7.7,0.0,11.9,11.24
2022-01-12,9.4,4.9,7.1,0.2,13.8,2.26
2022-01-13,12.2,4.1,8.0,0.0,9.8,9.08
2022-01-14,10.0,3.9,7.1,0.5,10.1,6.17
2022-01-15,11.0,4.1,7.5,0.3,8.3,6.28
2022-01-16,14.0,3.3,8.0,0.3,9.1,10.86
2022-01-17,13.4,2.4,7.5,0.0,9.1,9.93
2022-01-18,12.2,3.7,7.2,0.0,9.2,5.5
2022-01-19,12.3,1.9,6.8,0.2,9.0,7.88
2022-01-20,10.6,4.4,8.0,0.3,9.8,3.81
2022-01-21,10.2,6.8,8.4,0.7,11.8,3.01
2022-01-22,9.1,7.4,8.2,1.2,11.2,2.01
2022-01-23,11.3,6.3,8.3,0.9,12.5,4.28
2022-01-24,10.8,5.5,8.0,7.4,10.8,7.73
2022-01-25,8.2,6.0,7.0,3.8,12.3,3.37
2022-01-26,7.2,6.0,6.5,3.9,15.0,1.43
2022-01-27,7.0,5.2,6.0,5.2,15.2,2.54
2022-01-28,8.3,3.4,5.3,3.6,21.1,6.7
2022-01-29,10.1,0.5,5.6,0.8,7.8,10.62
2022-01-30,6.6,4.2,5.5,1.2,12.2,2.94
2022-01-31,9.7,1.5,5.4,0.3,12.4,8.88
2022-02-01,6.8,4.5,5.3,5.7,13.4,3.02
2022-02-02,8.4,3.7,5.1,4.6,11.0,5.3
2022-02-03,8.3,0.9,4.7,0.2,12.3,5.48
2022-02-04,8.1,3.7,5.8,0.9,7.6,4.59
2022-02-05,6.5,4.9,5.6,5.3,11.6,2.27
2022-02-06,5.4,2.9,4.4,6.8,16.0,1.3
2022-02-07,4.6,0.6,3.0,1.2,16.6,2.03
2022-02-08,7.9,1.2,4.4,0.5,15.3,8.29
2022-02-09,8.2,-0.9,3.7,0.8,7.1,9.16
2022-02-10,8.1,2.5,5.1,0.3,8.5,6.85
2022-02-11,10.6,0.7,5.7,0.0,10.0,10.47
2022-02-12,10.1,4.9,7.4,0.2,9.4,7.74
2022-02-13,13.1,1.2,7.7,0.0,16.1,11.25
2022-02-14,12.9,7.1,9.5,0.2,14.5,6.75
2022-02-15,14.8,6.2,10.5,0.4,9.4,9.51
2022-02-16,11.9,8.7,9.9,1.0,13.5,4.23
2022-02-17,9.2,6.4,7.7,4.0,18.4,3.03
2022-02-18,7.4,4.8,6.1,3.5,16.7,2.83
2022-02-19,7.7,4.3,5.6,1.2,16.6,6.62
2022-02-20,4.8,2.8,3.8,5.0,12.0,2.5
2022-02-21,7.3,3.4,4.6,3.3,9.0,5.5
2022-02-22,8.7,2.1,5.1,2.3,9.5,7.52
2022-02-23,9.5,0.0,5.5,0.0,11.2,8.2
2022-02-24,10.4,3.1,6.9,0.1,9.2,9.0
2022-02-25,11.6,2.6,7.4,0.5,14.8,6.4
2022-02-26,15.5,3.2,9.3,0.0,10.9,16.1
2022-02-27,15.0,3.5,9.2,0.0,16.5,11.93
2022-02-28,16.1,8.8,11.8,1.0,14.1,9.71
2022-03-01,15.3,6.3,11.2,0.3,13.0,9.39
2022-03-02,14.2,9.3,11.4,0.0,12.9,7.84
2022-03-03,15.8,6.2,11.4,0.0,10.9,8.55
2022-03-04,18.7,8.9,13.7,0.0,10.9,16.08
2022-03-05,17.9,9.4,13.2,0.2,14.4,10.48
2022-03-06,19.5,10.7,14.0,2.0,12.1,14.6
2022-03-07,21.4,7.9,14.3,0.0,12.2,15.57
2022-03-08,22.2,10.0,15.1,0.0,13.2,17.11
2022-03-09,23.1,10.0,16.3,0.0,11.0,12.71
2022-03-10,25.5,10.2,17.9,0.0,11.2,17.42
2022-03-11,26.4,11.9,18.9,0.0,9.5,15.29
2022-03-12,26.6,17.5,21.5,0.4,16.7,15.52
2022-03-13,28.1,15.1,21.4,0.0,9.4,17.59
2022-03-14,27.8,15.7,21.6,0.3,25.1,15.36
2022-03-15,27.5,14.1,20.6,0.0,16.6,16.06
2022-03-16,26.2,15.0,20.2,2.1,14.700000000000001,15.87
2022-03-17,26.1,14.4,19.8,0.2,12.8,16.75
2022-03-18,27.8,15.4,21.5,0.0,21.0,18.13
2022-03-19,23.2,18.7,20.9,1.6,22.1,6.92
2022-03-20,18.1,13.3,15.5,7.4,24.3,5.45
2022-03-21,15.5,11.5,13.4,0.1,13.8,5.14
2022-03-22,15.7,10.4,12.8,0.0,14.3,7.75
2022-03-23,19.5,9.2,14.1,0.0,13.2,12.99
2022-03-24,17.9,11.3,14.1,2.5,15.3,8.58
2022-03-25,21.5,10.4,15.8,2.0,7.6,9.96
2022-03-26,15.0,10.1,12.6,6.3,14.3,3.47
2022-03-27,20.6,7.6,13.8,0.0,11.2,18.8
2022-03-28,19.1,8.4,14.2,0.0,12.0,9.72
2022-03-29,20.1,13.2,16.3,0.0,16.4,7.09
2022-03-30,16.8,13.0,15.0,5.6,18.8,4.05
2022-03-31,14.9,10.6,12.7,7.2,15.6,4.76
2022-04-01,16.2,8.9,12.0,3.5,8.5,9.57
2022-04-02,20.5,8.2,13.4,0.0,11.3,15.76
2022-04-03,18.6,8.6,13.4,4.7,16.3,11.12
2022-04-04,14.6,11.3,13.0,2.35,14.0,4.54
2022-04-05,19.1,8.6,13.3,0.0,8.6,12.17
2022-04-06,20.6,10.5,14.8,0.0,11.6,11.06
2022-04-07,23.5,9.8,15.8,0.0,11.7,18.89
2022-04-08,23.0,12.8,17.7,0.2,10.5,13.86
2022-04-09,27.2,15.2,20.8,0.0,11.9,19.06
2022-04-10,28.0,15.2,21.0,0.0,10.5,20.19
2022-04-11,28.1,16.6,21.2,0.15,27.0,16.99
2022-04-12,25.2,13.1,19.1,0.3,15.6,19.67
2022-04-13,21.9,15.7,18.6,1.8,14.9,8.42
2022-04-14,18.9,14.5,16.6,2.8666666666666667,20.0,4.28
2022-04-15,13.9,9.7,11.3,3.9333333333333336,25.1,2.27
2022-04-16,13.6,8.4,10.6,5.0,15.7,6.53
2022-04-17,13.7,9.6,11.3,2.1,9.4,5.98
2022-04-18,19.7,9.5,13.8,2.7,10.8,11.67
2022-04-19,19.5,9.5,14.4,1.0,12.8,16.6
2022-04-20,23.8,9.0,16.2,0.0,10.8,22.17
2022-04-21,25.4,13.1,18.8,0.0,14.0,21.02
2022-04-22,27.0,15.5,21.0,0.0,17.1,18.35
2022-04-23,27.6,15.3,21.5,0.2,10.0,21.45
2022-04-24,26.4,17.9,21.4,0.7,26.1,17.42
2022-04-25,27.5,15.4,21.7,0.1,13.5,19.25
2022-04-26,29.0,16.4,22.6,0.1,11.6,20.76
2022-04-27,27.2,18.4,22.0,1.966666666666667,18.8,15.95
2022-04-28,24.4,14.3,19.0,3.833333333333334,30.1,19.37
2022-04-29,23.6,14.1,18.9,5.7,19.7,15.95
2022-04-30,17.4,12.6,15.0,3.7,26.9,4.23
2022-05-01,19.8,11.7,15.3,1.7,14.3,16.89
2022-05-02,23.4,9.1,16.7,0.0,10.0,20.66
2022-05-03,24.8,11.5,17.9,0.0,9.8,19.25
2022-05-04,26.4,12.1,19.8,0.0,7.6,22.56
2022-05-05,28.5,13.3,21.3,0.0,10.3,21.71
2022-05-06,30.2,15.7,23.4,0.0,9.0,22.49
2022-05-07,30.0,18.0,24.5,0.2,8.7,21.55
2022-05-08,25.7,19.6,22.0,0.4666666666666667,20.6,13.83
2022-05-09,26.1,16.6,21.2,0.7333333333333334,23.7,18.2
2022-05-10,27.9,16.2,22.3,1.0,17.3,18.91
2022-05-11,26.3,18.0,21.7,1.15,18.0,16.01
2022-05-12,26.0,17.3,21.6,1.3,11.1,14.98
2022-05-13,20.5,15.6,18.0,2.466666666666667,27.2,6.22
2022-05-14,17.2,13.1,15.0,3.6333333333333337,30.0,6.49
2022-05-15,20.2,13.5,15.8,4.8,10.2,11.42
2022-05-16,23.6,10.4,17.0,0.0,9.1,20.22
2022-05-17,18.1,14.9,16.4,8.0,7.8,5.37
2022-05-18,20.0,14.5,16.8,3.9,10.7,8.69
2022-05-19,23.5,15.2,18.8,0.5,7.3,12.23
2022-05-20,22.7,16.2,19.8,0.0,6.5,8.46
2022-05-21,21.8,17.9,19.1,6.8,10.1,5.9
2022-05-22,24.8,13.8,19.7,2.0,11.1,17.41
2022-05-23,26.1,15.7,21.0,0.0,10.9,17.23
2022-05-24,24.8,19.4,21.5,0.5,8.4,8.92
2022-05-25,25.2,20.0,21.8,1.8,9.9,8.64
2022-05-26,24.5,18.6,21.5,1.0,9.2,9.4
2022-05-27,23.2,18.0,20.3,1.3,16.3,6.42
2022-05-28,27.4,15.7,21.3,2.2,8.7,21.43
2022-05-29,24.9,19.3,22.0,8.0,9.4,9.15
2022-05-30,29.3,19.0,23.1,4.5,13.0,17.36
2022-05-31,26.8,18.3,22.8,6.3,16.3,17.36
2022-06-01,27.4,19.7,23.0,2.7,7.4,14.06
2022-06-02,28.9,19.7,24.1,0.0,9.4,18.72
2022-06-03,28.7,21.2,24.5,0.0,11.5,13.7
2022-06-04,25.5,20.4,22.6,0.0,12.2,7.48
2022-06-05,27.3,20.1,22.7,0.0,11.3,8.21
2022-06-06,29.3,18.4,23.5,0.0,10.3,17.25
2022-06-07,30.5,20.3,25.3,0.0,15.1,22.45
2022-06-08,27.7,21.0,23.6,3.2,14.4,15.14
2022-06-09,26.0,20.5,22.4,3.0,11.1,9.71
2022-06-10,26.0,19.2,22.0,2.8,7.4,8.32
2022-06-11,26.6,19.6,22.0,3.6,10.9,13.88
2022-06-12,27.9,20.0,23.1,6.9,10.2,17.2
2022-06-13,27.7,20.9,24.0,0.1,12.4,14.64
2022-06-14,30.3,19.8,24.8,0.0,11.8,20.27
2022-06-15,30.5,20.0,25.1,0.0,13.0,19.97
2022-06-16,29.3,19.3,24.1,0.2,12.0,20.7
2022-06-17,29.3,19.0,24.3,0.0,6.6,18.08
2022-06-18,27.6,20.9,23.5,4.8,10.3,11.63
2022-06-19,30.2,20.2,25.3,0.1,6.9,20.85
2022-06-20,30.2,21.6,25.6,6.0,15.3,19.8
2022-06-21,30.3,22.7,25.9,6.733333333333333,10.0,18.1
2022-06-22,29.7,23.2,25.6,7.466666666666666,18.4,11.82
2022-06-23,31.0,22.6,26.2,8.2,11.2,15.37
2022-06-24,30.3,21.6,26.0,0.3,9.5,19.8
2022-06-25,30.9,23.2,26.5,0.3,15.8,18.22
2022-06-26,25.2,22.4,23.8,0.6499999999999999,22.5,2.48
2022-06-27,32.3,22.0,26.9,1.0,13.0,23.03
2022-06-28,32.8,23.8,28.1,0.0,12.7,21.63
2022-06-29,33.4,21.7,27.5,0.0,9.5,23.16
2022-06-30,30.8,22.1,26.5,0.0,9.7,12.18
2022-07-01,26.0,21.9,24.1,5.0,16.6,7.66
2022-07-02,27.5,19.9,23.4,8.9,8.7,17.15
2022-07-03,30.0,20.2,25.4,0.0,7.4,21.21
2022-07-04,31.8,22.1,27.1,0.0,8.3,21.34
2022-07-05,33.3,23.6,28.6,0.0,14.6,23.0
2022-07-06,34.9,23.1,29.1,0.0,10.6,24.02
2022-07-07,35.3,24.3,30.0,0.0,8.7,23.4
2022-07-08,35.6,25.2,30.9,0.1,9.4,23.18
2022-07-09,35.6,25.6,30.6,0.0,8.2,22.83
2022-07-10,36.0,25.3,30.1,0.6,15.2,21.85
2022-07-11,35.6,24.7,29.4,0.3,14.7,18.97
2022-07-12,34.2,25.2,28.8,5.0,16.0,17.52
2022-07-13,32.2,24.2,27.4,6.6000000000000005,17.0,17.51
2022-07-14,32.6,24.1,27.4,8.200000000000001,20.3,17.26
2022-07-15,34.6,24.0,28.6,9.8,20.5,21.1
2022-07-16,30.8,24.9,27.1,4.9,20.3,12.56
2022-07-17,33.2,24.6,28.6,0.0,12.7,16.57
2022-07-18,28.9,23.5,25.9,0.4,8.6,12.73
2022-07-19,27.7,21.5,24.4,0.0,10.4,8.6
2022-07-20,30.8,20.2,25.2,0.0,9.8,21.5
2022-07-21,31.6,20.2,26.3,0.0,12.1,22.57
2022-07-22,27.4,20.6,23.9,0.0,19.3,15.29
2022-07-23,29.8,18.8,24.2,0.0,10.5,23.7
2022-07-24,31.1,20.5,26.1,0.0,11.8,19.39
2022-07-25,33.8,22.8,28.1,0.0,7.9,20.43
2022-07-26,34.8,23.8,29.1,3.4,13.3,21.88
2022-07-27,30.1,23.5,25.9,8.3,17.8,11.55
2022-07-28,33.8,21.8,27.8,0.0,6.8,22.74
2022-07-29,34.2,23.2,28.8,0.6,7.2,21.13
2022-07-30,34.5,24.5,29.3,0.1,10.9,19.16
2022-07-31,34.0,25.0,29.0,0.8,23.2,20.29
2022-08-01,33.5,24.3,28.6,0.0,14.2,18.72
2022-08-02,32.7,24.3,27.9,0.0,12.5,17.93
2022-08-03,33.1,23.4,28.1,3.5,14.5,19.34
2022-08-04,32.4,23.8,27.6,9.4,16.9,14.91
2022-08-05,33.3,24.8,29.0,4.0,8.7,20.34
2022-08-06,33.1,24.7,28.7,0.8,16.4,20.38
2022-08-07,35.5,25.4,30.0,0.5,11.5,21.24
2022-08-08,35.4,26.2,30.7,0.0,11.6,19.33
2022-08-09,35.5,26.6,30.8,0.2,18.3,19.93
2022-08-10,36.7,25.7,31.2,0.0,9.7,21.77
2022-08-11,37.3,25.9,31.6,0.0,11.2,21.15
2022-08-12,38.4,27.1,32.3,0.0,14.4,21.81
2022-08-13,38.7,27.4,32.9,0.0,13.2,20.9
2022-08-14,37.7,28.7,33.2,0.0,17.3,20.16
2022-08-15,39.1,28.0,33.3,0.1,16.2,20.4
2022-08-16,39.0,29.4,33.8,0.2,15.3,20.56
2022-08-17,39.0,28.9,33.6,0.1,17.3,20.58
2022-08-18,39.1,28.5,33.1,0.0,16.8,20.39
2022-08-19,39.1,26.8,33.0,0.0,15.1,18.84
2022-08-20,38.3,28.6,33.4,0.0,13.0,19.78
2022-08-21,39.7,28.0,34.1,0.0,11.5,20.88
2022-08-22,39.2,28.8,34.2,0.0,11.9,20.73
2022-08-23,40.0,29.2,34.8,0.0,13.6,19.91
2022-08-24,38.3,29.8,33.5,0.0,26.0,17.23
2022-08-25,36.1,25.8,29.9,4.2,25.9,17.27
2022-08-26,33.1,23.7,28.0,2.15,16.3,16.19
2022-08-27,33.6,24.3,28.7,0.1,16.8,17.2
2022-08-28,28.6,21.9,25.5,0.33333333333333337,29.7,8.23
2022-08-29,27.4,20.4,23.3,0.5666666666666668,26.4,13.6
2022-08-30,23.7,18.7,21.7,0.8,12.3,5.69
2022-08-31,25.0,18.2,21.5,0.2,7.3,9.04
2022-09-01,25.6,18.9,21.8,0.3,10.5,13.38
2022-09-02,25.9,17.3,21.6,0.7,12.8,15.52
2022-09-03,23.3,18.7,20.4,2.1,12.1,6.49
2022-09-04,24.9,16.9,20.6,0.0,9.2,7.53
2022-09-05,30.3,15.3,22.2,0.0,7.9,15.67
2022-09-06,31.7,16.9,24.5,0.0,7.3,20.36
2022-09-07,29.6,20.8,24.7,0.0,11.2,10.8
2022-09-08,23.4,19.2,21.2,6.7,8.7,4.38
2022-09-09,26.0,16.7,21.0,0.0,8.5,14.93
2022-09-10,28.2,16.9,22.3,0.0,8.7,18.01
2022-09-11,28.9,17.5,23.2,0.0,7.3,18.98
2022-09-12,29.4,18.9,24.0,0.7,10.3,17.1
2022-09-13,28.4,21.4,24.0,1.4,19.9,14.66
2022-09-14,23.1,20.7,21.4,0.7,23.5,5.32
2022-09-15,26.7,20.6,22.8,0.0,12.2,12.16
2022-09-16,26.5,18.6,22.4,0.4,10.7,12.27
2022-09-17,27.0,21.2,23.2,0.3,10.9,8.21
2022-09-18,26.6,21.7,23.8,2.5,10.8,8.93
2022-09-19,28.2,21.9,24.4,0.8,17.3,11.86
2022-09-20,24.0,20.2,22.2,0.2,17.8,7.35
2022-09-21,25.1,17.9,21.4,3.6,9.6,11.53
2022-09-22,22.0,18.2,20.3,8.2,10.2,4.03
2022-09-23,20.3,17.1,18.4,9.7,8.5,4.18
2022-09-24,22.3,16.2,18.6,9.8,5.1,10.22
2022-09-25,24.3,16.9,19.8,2.4,8.8,11.7
2022-09-26,21.1,16.3,19.0,1.8,8.1,4.55
2022-09-27,23.7,17.6,19.5,3.6,8.5,10.87
2022-09-28,25.6,16.0,20.4,0.7,10.2,16.95
2022-09-29,25.6,17.1,21.1,1.1,10.6,13.52
2022-09-30,26.4,18.1,22.3,8.8,7.2,12.66
2022-10-01,26.9,20.3,22.9,1.4,10.0,12.56
2022-10-02,28.2,20.4,23.8,1.7,8.2,12.66
2022-10-03,23.8,20.3,22.2,7.0,22.9,4.26
2022-10-04,23.7,18.8,20.8,0.0,10.6,9.71
2022-10-05,19.8,16.3,18.2,3.6,19.3,4.8
2022-10-06,17.3,14.8,16.0,6.5,10.1,3.84
2022-10-07,16.4,14.1,15.2,3.0,10.5,2.49
2022-10-08,17.3,12.1,14.6,2.3,13.0,4.2
2022-10-09,16.8,12.2,14.7,0.3,17.6,3.27
2022-10-10,18.9,10.1,14.1,0.4,8.4,10.68
2022-10-11,19.4,9.9,14.7,0.0,10.1,10.84
2022-10-12,17.4,13.8,15.2,0.8,8.2,4.59
2022-10-13,20.5,14.1,16.5,0.4,6.8,10.76
2022-10-14,22.0,14.1,17.5,0.0,8.2,9.97
2022-10-15,23.4,13.8,18.0,0.0,9.0,13.56
2022-10-16,26.2,15.5,19.9,0.0,9.5,15.76
2022-10-17,25.4,16.1,19.7,0.0,10.0,15.0
2022-10-18,23.4,14.1,18.2,0.2,8.0,10.44
2022-10-19,22.4,14.9,18.1,0.0,14.1,6.76
2022-10-20,24.4,15.5,19.7,0.0,12.4,15.87
2022-10-21,25.7,16.7,20.3,0.0,9.4,14.8
2022-10-22,26.4,16.5,20.3,0.0,9.2,14.63
2022-10-23,25.0,17.2,20.7,0.0,7.6,9.24
2022-10-24,19.9,16.9,18.3,6.3,12.3,2.54
2022-10-25,17.4,14.6,15.9,2.8,11.9,3.73
2022-10-26,21.3,14.2,17.0,1.9,8.8,9.36
2022-10-27,19.4,15.7,17.0,2.1,11.5,4.93
2022-10-28,17.7,14.8,15.8,1.2,15.2,5.95
2022-10-29,17.9,14.1,15.5,2.0,11.0,5.49
2022-10-30,20.7,13.5,16.5,2.0,12.9,10.84
2022-10-31,21.8,13.2,17.3,0.0,7.7,10.84
2022-11-01,21.8,12.5,16.8,0.0,11.0,10.71
2022-11-02,20.8,14.3,17.3,0.0,15.0,6.75
2022-11-03,19.4,16.0,17.3,0.8,17.8,3.17
2022-11-04,18.3,14.0,15.3,6.7,10.2,5.73
2022-11-05,19.3,12.8,15.5,0.3,12.4,6.11
2022-11-06,19.3,13.4,15.9,0.3,11.1,6.51
2022-11-07,18.5,13.8,15.8,1.9,9.2,3.86
2022-11-08,21.0,14.8,17.0,0.1,10.9,7.93
2022-11-09,20.5,13.4,16.5,0.3,9.5,6.06
2022-11-10,21.6,13.7,17.4,0.0,10.2,8.82
2022-11-11,21.8,15.0,17.9,1.9,23.4,7.12
2022-11-12,14.9,12.2,13.8,1.3,24.8,2.89
2022-11-13,15.5,12.5,13.5,0.0,12.8,6.35
2022-11-14,16.7,10.1,12.9,0.0,9.3,11.66
2022-11-15,15.3,7.1,11.8,0.6,9.3,7.43
2022-11-16,17.7,11.0,13.6,0.6,8.3,8.79
2022-11-17,16.6,10.8,13.4,0.0,11.7,5.68
2022-11-18,16.2,11.5,13.7,0.0,9.4,2.82
2022-11-19,18.9,8.8,13.5,0.0,8.1,11.41
2022-11-20,17.8,9.7,13.6,0.4,16.9,5.15
2022-11-21,19.3,12.1,15.3,0.7,16.6,9.36
2022-11-22,18.9,10.0,13.8,1.7,10.2,11.36
2022-11-23,17.9,12.5,14.5,0.8,9.2,6.4
2022-11-24,18.3,12.2,14.6,0.5,12.7,6.85
2022-11-25,17.9,10.6,14.3,0.1,12.6,3.95
2022-11-26,17.5,13.1,14.8,0.0,11.5,3.63
2022-11-27,19.4,12.7,15.5,0.0,14.4,8.32
2022-11-28,20.0,11.8,15.2,0.0,19.7,5.93
2022-11-29,14.0,8.9,12.4,0.2,22.5,3.0
2022-11-30,7.8,3.8,5.1,0.4,20.4,1.99
2022-12-01,6.7,1.6,4.4,0.1,12.3,5.33
2022-12-02,7.2,-0.9,3.6,0.0,9.1,6.73
2022-12-03,6.3,3.8,5.0,0.8,13.7,2.65
2022-12-04,10.6,5.2,7.3,0.0,12.5,7.35
2022-12-05,9.9,1.4,6.4,0.0,10.6,5.45
2022-12-06,9.8,5.9,7.2,0.6,9.7,3.69
2022-12-07,11.6,3.1,7.5,0.0,8.8,6.38
2022-12-08,13.1,6.3,9.4,0.0,10.0,6.1
2022-12-09,14.5,7.8,10.5,0.0,12.6,7.98
2022-12-10,13.9,8.3,10.5,0.1,11.1,6.44
2022-12-11,13.1,7.5,9.9,0.5,15.6,5.15
2022-12-12,10.9,5.9,8.5,0.1,11.6,9.72
2022-12-13,9.4,6.6,7.9,0.1,13.0,2.07
2022-12-14,12.4,6.0,8.9,0.0,8.9,7.93
2022-12-15,9.8,6.8,8.1,0.2,10.3,2.86
2022-12-16,9.2,5.6,7.0,0.4,20.9,1.81
2022-12-17,7.9,0.3,4.6,0.0,21.6,9.83
2022-12-18,9.3,-2.0,3.5,0.0,9.0,10.2
2022-12-19,7.6,-1.4,4.2,0.0,16.1,5.01
2022-12-20,12.4,2.2,6.4,0.0,10.1,9.36
2022-12-21,11.2,-0.1,4.8,0.0,11.4,10.68
2022-12-22,12.5,-0.1,5.7,0.0,9.8,9.82
2022-12-23,11.2,1.7,5.2,0.0,9.7,8.88
2022-12-24,12.7,0.1,6.4,0.0,11.7,8.6
2022-12-25,7.6,5.0,6.7,3.5,22.5,1.72
2022-12-26,9.9,-0.0,5.0,0.0,9.6,9.0
2022-12-27,8.2,4.3,5.7,1.1,16.8,4.32
2022-12-28,9.4,0.6,5.6,0.6,10.7,7.85
2022-12-29,9.3,0.0,5.1,0.0,10.9,8.03
2022-12-30,7.8,3.3,5.4,0.1,10.8,3.83
2022-12-31,8.4,4.5,6.2,0.2,11.7,4.05
2023-01-01,9.1,3.6,6.3,1.9,7.4,5.25
2023-01-02,10.9,3.8,6.9,0.0,6.6,8.77
2023-01-03,10.5,1.6,6.5,0.0,7.5,7.96
2023-01-04,9.7,5.5,6.9,0.5,10.5,5.12
2023-01-05,12.3,3.0,7.8,0.0,14.4,8.97
2023-01-06,14.4,2.3,8.9,0.0,13.0,10.54
2023-01-07,11.0,6.1,8.4,0.0,7.2,3.61
2023-01-08,12.4,6.9,9.4,0.3,9.3,5.47
2023-01-09,12.7,3.7,8.6,0.0,6.3,5.94
2023-01-10,13.9,7.9,10.2,0.0,7.6,7.05
2023-01-11,11.8,7.8,9.6,0.0,7.6,4.07
2023-01-12,15.4,3.8,9.9,0.0,6.6,9.74
2023-01-13,14.1,6.9,9.7,0.1,23.7,3.15
2023-01-14,7.6,3.6,5.9,0.1,13.5,3.16
2023-01-15,5.9,1.7,3.3,0.0,11.6,6.94
2023-01-16,5.8,-0.1,3.0,0.1,10.9,6.95
2023-01-17,7.9,0.5,3.4,0.0,10.8,11.89
2023-01-18,8.0,-1.3,3.1,0.5,8.9,10.17
2023-01-19,9.3,-1.9,3.7,0.2,11.1,11.78
2023-01-20,8.9,0.5,4.7,0.0,6.9,8.08
2023-01-21,8.0,1.0,4.6,0.0,11.2,4.51
2023-01-22,10.7,-0.6,5.6,0.0,8.9,11.48
2023-01-23,10.0,4.3,6.9,0.0,17.3,5.3
2023-01-24,8.2,0.5,4.9,0.0,21.7,11.39
2023-01-25,9.5,2.3,5.4,0.0,10.9,9.37
2023-01-26,11.8,3.8,6.7,0.0,14.9,8.39
2023-01-27,11.0,1.1,5.3,0.0,11.9,12.78
2023-01-28,12.5,-1.2,4.9,0.0,9.7,12.93
2023-01-29,14.1,-2.2,5.7,0.0,9.8,13.11
2023-01-30,13.7,0.4,6.3,0.0,9.4,12.91
2023-01-31,16.2,1.9,8.2,0.0,10.2,13.19
2023-02-01,17.3,3.7,10.0,0.0,15.8,12.34
2023-02-02,14.4,8.6,11.3,0.0,19.2,8.07
2023-02-03,14.4,3.9,9.5,0.0,16.4,9.1
2023-02-04,16.6,6.9,12.4,0.3,12.9,10.2
2023-02-05,10.5,8.8,9.5,0.4,12.4,2.38
2023-02-06,13.1,8.4,10.3,0.0,8.7,4.33
2023-02-07,12.4,9.2,10.5,5.5,9.0,3.65
2023-02-08,12.3,8.9,10.3,4.1,12.0,4.02
2023-02-09,15.2,6.6,10.9,2.9,10.6,10.66
2023-02-10,14.2,8.5,10.8,0.0,10.7,6.13
2023-02-11,12.6,9.2,10.5,0.8,14.3,2.72
2023-02-12,11.4,9.4,10.1,1.1,16.7,2.93
2023-02-13,11.2,6.8,8.7,0.9,20.6,4.84
2023-02-14,11.3,3.4,7.8,1.9,13.1,9.38
2023-02-15,11.1,5.5,8.0,1.8,9.5,5.09
2023-02-16,12.0,4.8,8.3,0.8,8.1,5.83
2023-02-17,13.4,5.2,9.5,0.0,11.5,8.6
2023-02-18,17.2,6.3,11.7,0.0,15.8,11.73
2023-02-19,14.7,5.6,10.3,0.0,9.4,9.52
2023-02-20,11.2,8.1,9.7,0.5,10.5,2.99
2023-02-21,9.1,7.0,7.9,5.8,21.1,1.41
2023-02-22,9.9,5.8,7.3,3.8,12.2,4.4
2023-02-23,11.3,6.0,8.3,1.4,8.1,7.19
2023-02-24,18.3,6.7,11.5,0.0,8.9,15.04
2023-02-25,17.4,8.6,12.6,0.0,10.7,13.28
2023-02-26,17.6,6.5,12.0,0.0,14.8,10.65
2023-02-27,16.1,10.8,12.9,0.0,15.8,7.68
2023-02-28,16.0,10.6,12.8,0.0,11.4,6.84
2023-03-01,16.8,10.3,12.9,0.2,15.6,8.2
2023-03-02,15.2,8.5,11.1,0.8,15.1,8.49
2023-03-03,18.8,5.1,11.8,0.1,10.4,16.4
2023-03-04,19.6,5.6,12.7,0.0,11.0,13.45
2023-03-05,21.0,9.2,14.7,0.0,8.6,12.84
2023-03-06,20.7,12.7,15.9,1.8,12.7,12.71
2023-03-07,19.1,10.6,14.6,2.0,9.4,7.41
2023-03-08,25.2,11.4,17.9,1.4,8.4,16.87
2023-03-09,23.1,12.8,17.7,0.1,12.5,10.86
2023-03-10,22.5,14.8,18.1,0.5,10.2,10.25
2023-03-11,23.9,12.3,17.5,1.4,11.6,15.07
2023-03-12,15.1,9.2,12.1,0.9,13.0,7.14
2023-03-13,18.3,5.0,11.3,0.0,14.4,18.41
2023-03-14,20.2,6.3,13.3,0.0,11.4,14.09
2023-03-15,21.8,7.9,15.6,0.1,6.6,11.56
2023-03-16,21.3,13.7,16.7,0.5,17.3,13.35
2023-03-17,15.4,10.9,13.1,0.1,13.7,4.52
2023-03-18,16.7,11.6,13.5,3.5,11.2,5.5
2023-03-19,17.5,11.5,13.9,1.5,11.2,5.3
2023-03-20,17.6,12.1,14.1,4.8,11.5,5.78
2023-03-21,20.5,9.0,15.1,1.5,13.0,11.31
2023-03-22,16.8,11.7,14.8,2.6,15.3,5.85
2023-03-23,14.6,10.6,12.0,4.4,13.4,4.13
2023-03-24,16.0,7.9,12.3,2.0,12.5,10.61
2023-03-25,18.9,10.4,13.3,0.6,13.7,11.68
2023-03-26,13.0,9.5,11.6,5.2,13.0,3.34
2023-03-27,17.7,9.7,13.0,3.2,7.3,10.01
2023-03-28,16.9,10.2,13.1,1.2,8.7,9.83
2023-03-29,19.5,10.5,14.6,1.1,8.7,16.7
2023-03-30,20.1,9.0,14.8,0.3,12.9,11.17
2023-03-31,21.9,11.4,16.8,0.0,8.0,13.68
2023-04-01,23.2,10.9,17.6,0.0,8.7,14.33
2023-04-02,24.1,15.6,19.1,2.1,22.2,13.89
2023-04-03,21.6,13.6,16.8,2.1,20.7,10.84
2023-04-04,23.4,12.9,17.8,0.0,11.1,18.03
2023-04-05,17.3,11.5,15.0,9.0,24.0,3.99
2023-04-06,18.8,8.8,13.2,3.4,24.5,19.1
2023-04-07,21.5,7.9,15.1,0.0,8.8,17.15
2023-04-08,21.5,8.3,15.8,1.7,10.7,15.64
2023-04-09,23.0,9.7,17.1,0.1,13.9,14.85
2023-04-10,27.0,11.7,19.3,0.0,14.0,17.74
2023-04-11,28.7,16.6,22.2,0.7,14.5,17.76
2023-04-12,27.4,17.4,22.0,3.9,12.0,17.58
2023-04-13,23.9,18.1,20.1,3.6,16.4,6.42
2023-04-14,28.6,18.0,22.1,0.5,18.8,15.65
2023-04-15,30.2,15.1,22.6,0.0,13.4,21.07
2023-04-16,31.6,16.8,24.1,0.0,14.5,21.1
2023-04-17,35.9,19.1,27.0,0.5,25.9,18.69
2023-04-18,31.7,19.7,24.6,6.4,10.8,15.62
2023-04-19,31.5,19.1,25.6,0.8,14.0,18.13
2023-04-20,24.6,19.4,21.7,0.6666666666666667,23.4,10.9
2023-04-21,20.5,15.8,17.8,0.5333333333333334,22.9,12.16
2023-04-22,20.1,14.6,16.7,0.4,16.9,13.25
2023-04-23,16.0,12.5,14.1,0.0,16.0,6.85
2023-04-24,17.1,11.7,13.9,1.2,16.6,10.18
2023-04-25,23.4,10.1,16.2,0.0,13.1,18.41
2023-04-26,24.1,12.8,18.1,0.1,9.9,17.31
2023-04-27,25.0,12.5,19.1,2.0,15.8,19.52
2023-04-28,19.2,14.5,16.9,1.3,18.8,4.06
2023-04-29,23.6,13.4,17.6,0.6,14.100000000000001,21.31
2023-04-30,25.4,11.9,18.6,0.0,9.4,22.43
2023-05-01,26.8,14.6,20.7,0.7,19.1,18.59
2023-05-02,26.4,16.5,20.7,4.6,13.3,15.35
2023-05-03,26.7,18.3,21.9,0.0,11.5,13.55
2023-05-04,29.7,20.2,24.0,0.2,11.3,13.48
2023-05-05,28.9,17.3,22.2,4.7,19.0,13.29
2023-05-06,27.0,14.9,21.5,5.0,14.3,19.39
2023-05-07,24.3,17.5,20.5,3.2,18.9,11.43
2023-05-08,18.0,14.4,15.7,5.7,17.3,3.52
2023-05-09,17.8,14.2,15.6,6.7,18.5,4.54
2023-05-10,21.3,13.9,17.0,1.7,12.4,10.38
2023-05-11,24.0,15.2,18.7,0.0,11.7,11.65
2023-05-12,27.6,16.0,21.5,0.0,11.3,17.75
2023-05-13,29.6,15.1,22.4,0.0,13.1,21.84
2023-05-14,28.2,15.8,21.8,0.0,9.7,16.63
2023-05-15,28.8,17.7,23.0,0.0,7.9,14.43
2023-05-16,29.8,16.6,23.5,0.0,9.4,20.5
2023-05-17,30.1,18.5,24.2,0.2,13.3,13.8
2023-05-18,28.2,19.4,23.3,7.6,13.8,16.07
2023-05-19,28.2,19.4,23.2,0.6,10.2,15.78
2023-05-20,28.8,18.2,23.5,0.6,12.2,19.13
2023-05-21,24.7,19.2,22.3,3.1,21.3,7.14
2023-05-22,20.0,14.6,16.9,7.2,11.0,6.8
2023-05-23,22.9,15.2,19.1,0.1,11.8,12.53
2023-05-24,26.3,14.9,20.7,0.0,13.9,16.0
2023-05-25,27.2,19.5,22.5,0.0,15.0,9.87
2023-05-26,27.5,19.4,23.0,0.0,8.9,12.8
2023-05-27,27.6,18.5,22.9,0.2,10.5,10.95
2023-05-28,29.7,20.2,25.0,0.0,12.0,14.82
2023-05-29,31.9,21.4,26.3,0.0,10.8,18.72
2023-05-30,35.0,22.1,28.7,0.1,15.3,21.77
2023-05-31,34.1,25.0,27.7,9.4,30.1,14.25
2023-06-01,30.2,20.2,25.7,0.0,17.3,12.74
2023-06-02,28.7,20.7,23.3,0.1,21.9,14.86
2023-06-03,27.2,20.2,23.0,0.0,17.0,12.24
2023-06-04,26.9,19.8,22.5,0.0,17.7,12.73
2023-06-05,28.6,20.0,23.5,0.0,11.2,12.44
2023-06-06,31.5,17.5,24.7,0.0,10.6,20.57
2023-06-07,32.0,22.6,27.0,0.0,15.2,17.93
2023-06-08,32.8,23.3,26.8,0.0,13.3,13.43
2023-06-09,33.0,19.3,26.0,0.0,14.5,18.96
2023-06-10,35.4,20.2,27.8,0.0,16.8,20.95
2023-06-11,35.8,23.2,29.1,0.0,19.6,18.82
2023-06-12,36.0,21.5,29.0,0.0,19.5,21.3
2023-06-13,32.5,22.3,27.6,0.4,16.9,15.34
2023-06-14,29.6,22.2,25.6,1.0,13.5,7.36
2023-06-15,26.1,20.0,22.3,1.5,10.6,9.93
2023-06-16,26.4,18.8,21.9,1.0,9.3,8.28
2023-06-17,27.5,18.8,23.5,0.9,7.3,11.49
2023-06-18,31.7,20.5,26.1,0.0,7.7,18.44
2023-06-19,29.8,22.9,25.7,3.6,11.3,8.45
2023-06-20,31.5,19.6,25.9,0.0,18.2,11.16
2023-06-21,29.2,19.9,23.3,6.4,14.7,14.19
2023-06-22,29.8,18.7,24.5,0.5,8.7,17.99
2023-06-23,31.3,19.4,25.8,0.3,8.4,20.34
2023-06-24,31.4,22.0,26.9,0.5,10.4,18.46
2023-06-25,32.8,21.0,26.8,3.7,10.1,17.63
2023-06-26,35.6,24.7,29.8,1.2,18.8,19.73
2023-06-27,36.1,25.3,29.9,2.2,22.0,19.02
2023-06-28,33.6,24.6,28.2,1.7,23.3,17.01
2023-06-29,33.0,22.9,27.9,3.5,8.6,18.98
2023-06-30,33.2,22.8,27.9,0.0,10.9,18.99
2023-07-01,33.1,24.2,27.9,0.7,12.7,16.42
2023-07-02,33.5,24.2,28.4,0.9,10.8,18.05
2023-07-03,27.8,21.4,24.9,0.95,23.2,5.88
2023-07-04,33.6,21.0,26.0,1.0,21.9,16.82
2023-07-05,33.2,19.0,26.1,0.0,10.5,23.75
2023-07-06,34.4,22.9,28.4,0.0,10.9,18.8
2023-07-07,35.9,23.4,29.5,0.0,12.7,18.55
2023-07-08,37.0,23.6,30.2,0.0,15.8,22.86
2023-07-09,37.3,25.9,31.6,0.0,11.8,20.89
2023-07-10,37.8,26.8,32.6,2.2,9.2,20.95
2023-07-11,31.6,25.2,27.9,2.6500000000000004,18.8,10.0
2023-07-12,30.2,24.7,26.7,3.1,12.8,9.98
2023-07-13,26.4,21.1,23.7,3.55,29.2,6.14
2023-07-14,28.8,20.6,23.6,4.0,14.5,12.82
2023-07-15,31.4,19.5,25.1,0.0,9.2,22.57
2023-07-16,33.5,20.6,26.7,0.0,9.0,23.47
2023-07-17,33.6,23.1,27.1,2.7,17.3,21.15
2023-07-18,31.0,21.5,26.1,4.8,13.2,19.45
2023-07-19,32.0,23.1,27.3,0.3,11.2,19.77
2023-07-20,31.3,22.4,26.1,2.3,11.5,17.54
2023-07-21,32.1,22.5,26.9,2.1,12.3,19.62
2023-07-22,34.6,23.0,28.6,0.0,15.3,22.5
2023-07-23,34.7,24.7,29.7,0.3,20.7,19.83
2023-07-24,31.2,23.6,27.2,0.24,15.2,11.69
2023-07-25,30.3,22.8,26.6,0.18,12.3,12.96
2023-07-26,25.7,22.9,24.5,0.12,16.7,5.0
2023-07-27,26.0,22.7,23.5,0.06,29.7,7.73
2023-07-28,30.8,21.2,25.7,0.0,12.1,22.19
2023-07-29,31.7,21.5,27.0,0.0,8.4,21.57
2023-07-30,31.7,23.4,28.1,0.2,8.7,19.5
2023-07-31,30.9,23.9,27.2,1.1500000000000001,11.0,17.03
2023-08-01,31.6,23.2,26.7,2.1,14.2,19.34
2023-08-02,29.7,22.6,25.6,3.0500000000000003,9.7,13.98
2023-08-03,29.7,23.3,25.7,4.0,9.7,16.37
2023-08-04,30.1,22.7,25.9,4.95,6.2,16.26
2023-08-05,31.6,23.4,26.8,5.9,9.3,17.65
2023-08-06,30.3,23.8,26.4,9.3,8.4,17.42
2023-08-07,30.8,23.1,26.2,8.666666666666668,15.3,19.66
2023-08-08,31.2,23.2,26.7,8.033333333333333,15.3,19.35
2023-08-09,31.8,23.8,27.2,7.4,16.9,17.45
2023-08-10,32.2,24.1,27.6,7.1,13.4,19.48
2023-08-11,30.0,24.2,26.6,3.55,18.2,11.49
2023-08-12,31.3,23.8,26.7,0.0,14.0,14.4
2023-08-13,33.0,21.7,27.5,0.0,7.4,22.06
2023-08-14,31.9,23.8,28.1,0.0,7.3,19.73
2023-08-15,30.6,24.1,27.5,1.2,14.5,16.59
2023-08-16,32.7,24.5,28.2,0.0,12.6,18.24
2023-08-17,32.6,24.5,28.2,0.0,14.0,16.86
2023-08-18,30.5,24.7,27.1,1.0,14.3,11.15
2023-08-19,29.8,21.8,25.7,8.0,13.7,10.71
2023-08-20,28.6,22.1,24.3,4.0,15.6,11.54
2023-08-21,31.7,20.0,25.7,0.0,8.2,20.98
2023-08-22,32.5,23.2,27.6,0.0,8.4,19.98
2023-08-23,28.9,23.2,26.0,4.7,23.2,16.77
2023-08-24,25.8,21.5,23.3,9.3,9.4,5.5
2023-08-25,26.2,20.8,22.7,9.4,12.7,6.84
2023-08-26,26.1,20.3,22.7,9.5,14.8,7.53
2023-08-27,30.2,18.0,24.1,0.2,14.5,21.19
2023-08-28,28.7,21.1,24.5,0.2,8.8,13.26
2023-08-29,24.8,20.4,22.7,1.7,16.4,5.82
2023-08-30,28.8,20.5,24.0,0.0,7.2,15.35
2023-08-31,29.3,19.9,24.5,0.3,8.3,18.84
2023-09-01,26.6,21.1,23.1,6.6,12.8,9.12
2023-09-02,29.8,18.8,24.0,0.0,7.7,20.18
2023-09-03,30.9,21.1,26.2,0.0,6.0,20.56
2023-09-04,31.8,20.8,26.6,0.0,9.0,20.37
2023-09-05,31.0,21.4,26.4,0.7,8.6,18.87
2023-09-06,29.6,23.2,26.0,0.0,12.1,10.04
2023-09-07,30.6,23.9,26.3,0.0,16.5,9.35
2023-09-08,32.4,21.9,26.8,0.1,16.1,17.52
2023-09-09,29.8,22.4,25.9,6.6,14.3,14.01
2023-09-10,30.0,22.7,25.3,4.733333333333333,14.2,13.78
2023-09-11,25.0,20.3,22.5,2.8666666666666667,26.7,4.48
2023-09-12,28.2,19.7,23.0,1.0,14.2,14.89
2023-09-13,28.4,17.8,23.1,0.0,7.4,18.42
2023-09-14,28.1,19.4,23.9,0.2,13.1,17.02
2023-09-15,28.1,21.4,23.9,2.4,9.6,12.32
2023-09-16,29.0,21.8,24.9,0.8,12.4,14.96
2023-09-17,28.9,22.4,25.0,0.0,14.5,13.5
2023-09-18,26.8,22.4,24.2,3.0,11.9,9.2
2023-09-19,28.5,22.4,24.4,2.5,15.9,8.47
2023-09-20,29.0,20.6,24.6,0.1,23.2,15.22
2023-09-21,27.3,18.3,22.8,0.0,12.1,16.64
2023-09-22,23.4,19.7,21.1,3.0,15.9,7.39
2023-09-23,23.4,18.9,20.3,1.7,9.7,6.48
2023-09-24,22.9,18.9,20.3,2.1,10.0,7.33
2023-09-25,23.5,18.6,20.6,2.5,6.2,7.68
2023-09-26,24.5,18.9,20.9,0.2,7.9,9.67
2023-09-27,25.0,16.9,20.7,0.5,7.4,10.69
2023-09-28,24.8,18.7,21.7,0.6,8.0,10.1
2023-09-29,25.7,19.6,21.7,1.5,8.6,10.4
2023-09-30,24.8,17.3,21.2,0.2,10.5,10.41
2023-10-01,22.6,20.0,21.2,0.3,12.2,4.36
2023-10-02,24.3,18.9,21.1,1.0,13.9,7.08
2023-10-03,25.6,19.5,21.9,0.1,11.4,9.93
2023-10-04,22.2,19.1,20.3,0.6,12.2,4.48
2023-10-05,22.1,16.4,19.5,5.6,15.8,6.86
2023-10-06,19.6,15.6,17.1,3.55,16.6,2.95
2023-10-07,23.7,14.3,18.9,1.5,7.8,12.85
2023-10-08,19.5,17.0,18.0,4.4,11.2,3.6
2023-10-09,21.8,15.6,17.7,2.7,7.4,7.49
2023-10-10,20.5,14.1,17.2,2.3,7.1,10.77
2023-10-11,17.7,16.1,16.8,7.1,9.4,2.27
2023-10-12,19.5,15.6,17.1,0.6,15.9,4.87
2023-10-13,21.6,15.7,17.8,2.7,6.8,9.21
2023-10-14,24.0,12.5,18.3,3.7,10.8,15.38
2023-10-15,23.5,16.6,19.6,0.7,11.2,10.97
2023-10-16,22.1,17.7,19.2,2.3,10.4,5.91
2023-10-17,23.6,17.4,19.8,0.1,14.2,10.64
2023-10-18,19.8,16.8,18.3,7.5,20.9,5.3
2023-10-19,17.2,14.0,15.6,4.6,13.8,4.73
2023-10-20,20.9,14.6,17.0,0.7,15.3,9.16
2023-10-21,20.3,13.4,16.6,0.1,8.9,12.36
2023-10-22,22.3,11.5,17.2,1.0,8.6,13.74
2023-10-23,22.1,14.1,17.7,0.0,7.9,10.0
2023-10-24,22.6,12.7,17.6,0.0,7.7,11.46
2023-10-25,23.3,15.6,19.3,0.0,7.6,8.69
2023-10-26,19.0,15.5,17.8,5.0,9.7,2.89
2023-10-27,20.1,13.9,16.5,0.4,10.1,10.49
2023-10-28,20.1,13.3,16.4,4.9,6.7,8.2
2023-10-29,21.5,13.2,17.5,0.0,8.2,9.64
2023-10-30,21.5,14.6,17.8,0.0,10.0,5.98
2023-10-31,22.0,15.7,18.2,0.0,7.6,8.46
2023-11-01,23.0,14.2,18.3,0.1,9.3,8.89
2023-11-02,20.5,15.3,17.9,1.0,9.6,3.62
2023-11-03,18.9,16.6,17.6,2.5,13.8,3.74
2023-11-04,19.6,12.2,16.7,1.3,12.3,7.6
2023-11-05,23.2,12.5,17.5,0.4,18.9,12.45
2023-11-06,20.7,12.1,16.1,0.0,15.3,13.29
2023-11-07,21.0,11.5,15.7,0.0,11.9,8.5
2023-11-08,20.1,14.7,16.5,2.3,8.9,6.51
2023-11-09,22.6,12.1,16.9,0.0,9.0,12.0
2023-11-10,21.6,15.0,17.4,0.4,13.3,8.07
2023-11-11,16.1,12.3,14.6,0.4,24.8,2.25
2023-11-12,12.2,9.4,10.5,0.4,25.9,2.91
2023-11-13,13.0,4.7,9.5,0.4,10.7,9.4
2023-11-14,13.0,8.5,10.7,0.0,7.2,5.45
2023-11-15,16.2,9.8,11.9,0.4,12.4,8.96
2023-11-16,15.4,6.1,11.1,0.0,16.8,12.52
2023-11-17,16.0,4.9,10.2,0.0,9.7,10.78
2023-11-18,14.6,7.8,10.7,0.0,8.3,6.32
2023-11-19,15.8,6.7,10.4,0.0,9.0,7.25
2023-11-20,16.0,6.7,11.6,0.1,7.8,6.6
2023-11-21,16.6,10.3,13.3,0.0,9.4,6.72
2023-11-22,19.2,8.6,13.5,0.0,8.6,9.86
2023-11-23,18.9,9.0,13.4,0.0,15.9,10.25
2023-11-24,17.3,9.0,13.1,0.0,7.8,5.69
2023-11-25,16.2,10.1,13.3,1.2,21.4,3.72
2023-11-26,19.1,6.7,13.4,0.6,10.9,11.67
2023-11-27,16.1,8.5,11.1,0.0,11.6,5.1
2023-11-28,17.2,6.3,11.6,0.0,9.5,9.57
2023-11-29,17.6,8.2,13.0,0.0,11.4,6.19
2023-11-30,15.4,10.9,12.6,0.0,16.4,7.93
2023-12-01,13.0,8.2,10.6,1.7,9.2,6.64
2023-12-02,12.8,6.3,9.5,0.0,6.7,6.72
2023-12-03,14.0,4.3,9.4,2.1,8.9,8.67
2023-12-04,15.3,5.5,10.1,0.9,9.4,9.83
2023-12-05,12.6,8.7,10.6,0.2,10.5,2.6
2023-12-06,16.7,5.3,10.1,0.6,8.4,10.29
2023-12-07,13.6,4.1,8.7,0.0,10.7,6.69
2023-12-08,15.0,8.0,10.8,0.0,7.9,6.07
2023-12-09,15.5,5.1,10.8,0.0,8.0,7.22
2023-12-10,15.6,10.0,12.8,0.0,12.2,3.17
2023-12-11,17.5,10.3,13.1,0.0,12.8,8.67
2023-12-12,14.3,5.9,10.6,0.0,8.1,7.36
2023-12-13,14.6,5.9,10.3,0.0,11.3,6.94
2023-12-14,16.3,8.1,11.6,0.0,19.2,8.29
2023-12-15,9.1,3.7,6.0,2.0,24.8,2.54
2023-12-16,6.2,2.3,3.8,0.0,15.3,6.97
2023-12-17,5.8,-2.5,2.4,0.0,11.5,9.44
2023-12-18,7.8,-1.3,3.5,0.0,9.5,9.42
2023-12-19,9.4,-0.7,4.4,0.0,9.5,9.79
2023-12-20,9.1,-0.2,5.4,0.0,10.7,7.3
2023-12-21,9.5,4.6,6.7,0.0,7.2,5.95
2023-12-22,8.5,1.9,5.8,0.0,14.8,5.19
2023-12-23,9.0,0.1,4.8,0.0,13.8,7.1
2023-12-24,10.8,-0.6,4.8,0.0,9.2,10.63
2023-12-25,10.4,-0.4,5.0,0.0,14.8,8.76
2023-12-26,12.9,0.2,6.2,0.0,9.0,10.53
2023-12-27,12.5,0.1,6.2,0.0,10.8,8.96
2023-12-28,12.1,5.0,8.7,0.0,8.1,4.43
2023-12-29,15.0,3.9,9.6,0.0,8.7,9.9
2023-12-30,12.2,1.6,7.1,0.0,10.8,8.96
2023-12-31,10.3,7.2,8.4,0.3,8.1,2.3
2024-01-01,10.4,7.6,8.8,0.4,6.3,2.1
2024-01-02,13.9,3.8,7.9,0.0,8.6,9.42
2024-01-03,14.8,2.9,8.6,0.0,8.8,10.07
2024-01-04,10.5,3.6,7.3,0.7,10.9,2.19
2024-01-05,13.2,7.3,9.4,0.0,7.0,4.73
2024-01-06,15.0,4.1,9.1,0.0,12.3,9.66
2024-01-07,14.5,7.6,10.5,0.0,7.2,5.48
2024-01-08,14.0,5.6,9.4,0.0,11.0,6.13
2024-01-09,15.6,5.6,10.4,0.9,12.3,10.91
2024-01-10,14.8,2.5,8.1,0.0,9.0,10.81
2024-01-11,13.7,2.5,7.9,0.0,8.8,6.71
2024-01-12,14.7,4.2,8.9,0.0,10.5,8.29
2024-01-13,14.9,4.9,10.1,0.0,11.8,6.21
2024-01-14,16.1,9.8,12.3,1.4,11.2,6.84
2024-01-15,15.6,9.1,12.0,0.0,14.1,6.5
2024-01-16,14.2,7.1,10.3,0.0,13.8,6.42
2024-01-17,13.2,4.9,8.6,0.0,10.7,7.63
2024-01-18,14.8,7.9,10.9,0.1,11.3,8.22
2024-01-19,13.4,6.6,9.9,1.6,12.8,7.28
2024-01-20,11.6,7.6,9.2,0.8,11.6,5.4
2024-01-21,8.0,2.9,5.0,9.5,28.6,1.99
2024-01-22,7.1,1.2,3.9,1.1,21.1,10.5
2024-01-23,3.5,0.8,2.4,1.3,16.0,2.83
2024-01-24,3.9,-1.0,1.4,3.9,14.6,3.5
2024-01-25,6.0,-2.9,1.5,0.1,8.7,6.29
2024-01-26,7.9,-3.2,3.0,0.0,7.9,9.2
2024-01-27,8.8,-0.9,4.3,0.8,8.4,8.59
2024-01-28,9.2,2.2,5.7,0.0,8.4,7.37
2024-01-29,9.8,2.7,6.2,0.5,10.1,7.2
2024-01-30,9.1,4.7,6.6,0.0,11.6,4.86
2024-01-31,10.3,5.3,7.2,0.0,10.1,5.08
2024-02-01,12.6,2.4,8.1,0.0,6.8,8.53
2024-02-02,9.1,6.2,7.5,1.9,15.7,3.24
2024-02-03,7.3,5.0,6.1,2.9,12.2,2.55
2024-02-04,9.7,0.9,5.8,1.7,13.1,9.78
2024-02-05,8.1,4.6,6.2,0.5,11.4,3.56
2024-02-06,10.6,4.4,6.7,0.0,16.5,6.64
2024-02-07,8.8,2.2,6.2,0.0,11.5,4.89
2024-02-08,9.9,-0.3,4.8,0.0,7.2,8.05
2024-02-09,14.1,3.2,7.6,0.0,10.0,13.79
2024-02-10,14.6,1.3,7.2,0.0,10.8,13.81
2024-02-11,15.9,1.9,8.2,0.0,9.8,12.39
2024-02-12,18.0,3.8,10.3,0.0,9.7,14.02
2024-02-13,18.5,4.3,10.8,0.0,10.8,14.5
2024-02-14,16.5,6.7,11.6,0.1,17.9,5.47
2024-02-15,16.4,9.2,11.9,0.0,12.5,9.87
2024-02-16,15.7,2.6,8.8,0.0,9.6,13.95
2024-02-17,18.7,3.6,10.3,0.0,12.2,13.8
2024-02-18,21.5,5.9,12.7,0.0,11.9,14.85
2024-02-19,19.2,10.3,14.2,0.0,15.3,13.22
2024-02-20,19.3,8.7,13.4,0.0,23.2,11.94
2024-02-21,10.4,6.3,8.5,0.4,22.5,5.59
2024-02-22,8.1,3.8,5.6,0.0,17.9,7.48
2024-02-23,5.5,2.4,3.6,0.2,15.8,4.93
2024-02-24,10.4,1.8,5.2,0.1,8.7,10.45
2024-02-25,9.4,-1.3,5.1,0.2,8.4,9.61
2024-02-26,10.4,4.4,6.8,2.1,9.7,8.36
2024-02-27,10.7,4.6,7.3,0.1,13.5,6.98
2024-02-28,7.9,5.5,6.5,0.8,11.5,3.21
2024-02-29,12.5,2.0,7.5,2.1,13.0,10.05
2024-03-01,10.6,4.0,6.8,1.6,17.6,5.76
2024-03-02,10.8,3.5,7.4,0.8,10.5,7.06
2024-03-03,13.2,5.7,8.6,0.0,12.7,7.17
2024-03-04,14.6,3.6,8.9,0.4,14.4,9.85
2024-03-05,17.6,4.5,11.2,1.7,14.8,11.54
2024-03-06,16.8,6.7,11.1,0.2,13.0,11.52
2024-03-07,17.2,7.1,11.7,0.0,10.2,11.55
2024-03-08,15.9,8.0,12.1,0.0,14.0,9.72
2024-03-09,16.3,5.5,11.4,0.0,10.0,9.97
2024-03-10,17.0,7.2,11.6,1.6,11.9,7.23
2024-03-11,20.7,5.8,13.1,0.0,11.0,18.17
2024-03-12,16.3,11.5,13.6,2.8,14.0,5.24
2024-03-13,21.1,8.7,14.9,2.9,13.7,13.99
2024-03-14,20.4,11.8,15.2,1.3,12.1,13.81
2024-03-15,21.1,10.7,16.1,0.1,15.1,10.08
2024-03-16,20.3,13.5,16.3,2.0,17.3,6.42
2024-03-17,20.2,12.1,15.3,1.6,15.5,11.86
2024-03-18,18.5,11.2,14.0,0.6,14.3,10.36
2024-03-19,20.2,11.3,14.8,4.4,14.3,12.39
2024-03-20,21.1,10.0,15.8,0.0,7.3,14.12
2024-03-21,23.1,10.1,16.5,0.0,11.2,19.11
2024-03-22,26.1,11.8,18.3,0.0,14.7,16.73
2024-03-23,27.4,13.1,20.1,0.0,17.7,14.43
2024-03-24,20.2,13.1,16.5,1.5,27.1,7.65
2024-03-25,22.7,9.4,16.5,3.0,16.9,18.67
2024-03-26,21.2,14.1,17.1,2.3,17.3,9.96
2024-03-27,18.8,13.5,15.6,9.8,13.5,6.17
2024-03-28,25.2,10.3,16.8,0.0,13.7,19.84
2024-03-29,26.9,11.0,18.8,0.0,12.1,20.14
2024-03-30,25.9,16.4,19.6,9.9,16.4,13.83
2024-03-31,26.6,13.7,19.8,1.1,9.3,13.9
2024-04-01,26.6,16.7,21.1,8.5,11.4,12.58
2024-04-02,27.6,16.9,22.1,0.5,13.8,15.27
2024-04-03,23.2,15.9,19.3,2.65,16.8,7.93
2024-04-04,24.4,14.5,19.1,4.8,13.4,15.82
2024-04-05,22.2,15.4,17.9,1.9,18.5,13.81
2024-04-06,16.6,13.2,15.1,6.4,12.5,3.77
2024-04-07,17.0,12.6,14.3,4.8,9.0,6.22
2024-04-08,20.7,9.1,14.9,0.4,10.2,10.88
2024-04-09,21.7,14.0,17.3,0.7,12.8,10.68
2024-04-10,24.7,14.3,18.7,0.0,12.5,14.0
2024-04-11,24.9,14.9,19.8,5.0,10.2,15.54
2024-04-12,25.7,15.7,20.6,0.1,9.3,16.34
2024-04-13,28.0,17.1,21.9,0.7,13.3,15.43
2024-04-14,30.6,15.6,23.2,0.0,10.6,18.24
2024-04-15,30.8,19.3,25.0,0.0,14.8,13.05
2024-04-16,29.0,18.4,22.9,2.95,14.1,16.51
2024-04-17,25.7,17.9,21.2,5.9,6.6,9.44
2024-04-18,24.6,18.4,20.3,3.0500000000000003,12.0,8.91
2024-04-19,27.0,16.7,21.5,0.2,13.5,18.94
2024-04-20,22.2,17.2,19.3,8.8,17.3,6.13
2024-04-21,25.6,14.1,19.7,2.1,8.4,18.25
2024-04-22,25.1,16.2,19.8,8.6,11.3,17.15
2024-04-23,23.6,15.0,18.7,0.0,15.0,8.62
2024-04-24,24.4,13.8,18.1,0.5,14.9,16.06
2024-04-25,24.6,13.9,19.2,0.0,7.7,14.7
2024-04-26,26.6,14.6,20.7,0.0,8.0,15.69
2024-04-27,29.1,18.2,23.1,3.5,10.8,19.12
2024-04-28,29.0,17.8,22.7,4.1,15.4,17.46
2024-04-29,23.0,16.4,20.0,3.1999999999999997,28.6,12.13
2024-04-30,22.8,14.5,18.0,2.3,13.5,14.71
2024-05-01,18.0,14.7,15.9,4.2,9.6,4.6
2024-05-02,18.5,13.8,15.6,1.9,11.2,6.25
2024-05-03,20.8,14.3,16.7,1.6,10.2,8.9
2024-05-04,24.7,14.2,18.9,0.0,15.1,17.41
2024-05-05,26.9,13.0,20.1,0.0,8.0,20.44
2024-05-06,26.6,16.2,21.4,1.0,8.8,18.68
2024-05-07,26.6,17.9,21.6,6.6,10.7,13.04
2024-05-08,20.6,17.9,19.4,3.3,14.2,4.36
2024-05-09,27.4,14.8,20.8,0.0,9.1,19.75
2024-05-10,26.0,16.9,20.9,4.2,9.5,13.48
2024-05-11,25.7,19.0,21.4,4.4,10.3,10.18
2024-05-12,26.5,17.4,21.3,0.0,13.8,11.99
2024-05-13,29.0,14.4,21.6,0.0,10.4,23.52
2024-05-14,30.5,16.9,23.6,0.1,13.0,19.73
2024-05-15,30.5,18.7,24.3,0.1,18.4,18.76
2024-05-16,30.6,18.3,24.9,0.2,9.7,19.06
2024-05-17,28.1,20.1,24.6,0.0,8.8,8.86
2024-05-18,29.4,21.1,23.9,3.3,18.7,17.4
2024-05-19,31.7,18.6,25.0,0.0,17.1,21.69
2024-05-20,32.7,18.1,25.9,0.0,14.4,22.55
2024-05-21,32.4,19.2,25.8,0.0,18.5,19.14
2024-05-22,32.8,20.4,26.8,0.2,12.8,21.36
2024-05-23,34.9,23.2,29.1,0.0,10.6,16.75
2024-05-24,37.5,22.9,30.5,0.0,12.3,19.67
2024-05-25,34.5,24.4,28.7,3.6,26.4,17.15
2024-05-26,36.4,22.1,29.2,0.0,17.2,21.09
2024-05-27,34.0,24.6,28.4,0.0,15.0,13.67
2024-05-28,27.2,21.5,23.9,3.95,16.1,7.48
2024-05-29,21.3,19.8,20.7,7.9,19.6,5.12
2024-05-30,30.5,19.6,24.1,0.0,12.8,22.14
2024-05-31,31.2,18.2,24.8,0.0,11.9,19.11
2024-06-01,28.1,21.4,24.8,0.4,13.9,8.53
2024-06-02,27.5,19.4,22.6,1.0,16.3,14.17
2024-06-03,25.7,19.5,22.1,0.5,12.9,9.81
2024-06-04,27.3,18.5,22.2,3.4,10.1,15.98
2024-06-05,27.8,17.6,23.0,0.0,8.3,16.1
2024-06-06,27.2,20.4,23.2,4.9,16.0,12.47
2024-06-07,26.6,18.6,22.7,0.1,8.9,8.56
2024-06-08,27.6,21.2,23.6,1.1,15.8,12.95
2024-06-09,26.5,17.8,22.4,0.1,7.4,11.32
2024-06-10,28.8,17.2,23.1,0.0,8.8,14.06
2024-06-11,31.9,21.6,25.9,3.2,14.0,20.46
2024-06-12,32.6,20.0,26.0,0.0,9.3,20.88
2024-06-13,34.9,23.8,28.6,0.0,11.0,21.06
2024-06-14,35.8,22.4,29.3,0.0,9.4,21.5
2024-06-15,35.5,23.0,29.6,0.9,7.7,15.65
2024-06-16,31.2,23.8,27.5,1.1,21.0,18.03
2024-06-17,32.7,21.4,27.3,0.0,14.0,21.33
2024-06-18,30.5,23.2,26.5,1.4,14.7,14.64
2024-06-19,31.2,23.5,26.8,3.4,9.0,19.77
2024-06-20,30.9,22.7,26.1,2.4,15.8,16.44
2024-06-21,31.5,23.4,27.1,0.8,16.8,17.89
2024-06-22,34.2,24.1,28.8,0.0,16.1,20.81
2024-06-23,30.7,22.4,26.1,0.0,10.1,10.06
2024-06-24,31.8,23.1,26.4,0.0,11.7,10.77
2024-06-25,32.2,19.1,25.7,0.7,11.5,21.32
2024-06-26,25.0,21.0,23.2,5.0,7.6,7.02
2024-06-27,28.3,19.4,23.3,4.0,9.4,13.32
2024-06-28,29.1,20.5,24.4,0.2,5.6,11.46
2024-06-29,30.5,22.2,26.1,1.3,11.6,13.79
2024-06-30,33.1,22.6,27.3,7.2,20.3,20.37
2024-07-01,31.2,22.3,26.1,3.65,18.1,21.48
2024-07-02,32.1,22.2,27.0,0.1,14.4,16.83
2024-07-03,30.4,22.0,25.5,2.0,13.0,16.24
2024-07-04,30.2,21.7,25.3,2.2,9.3,13.16
2024-07-05,32.4,23.0,27.1,0.8,6.6,21.49
2024-07-06,32.1,23.5,27.2,6.9,12.7,17.38
2024-07-07,32.5,24.4,27.2,4.9,17.1,15.96
2024-07-08,28.8,24.0,26.0,5.8,19.1,13.12
2024-07-09,30.4,23.9,25.7,6.7,14.4,8.85
2024-07-10,28.6,23.9,25.5,7.6,9.8,8.11
2024-07-11,31.8,22.6,27.4,0.5,6.8,17.97
2024-07-12,32.1,23.6,27.3,8.2,11.8,19.99
2024-07-13,28.4,24.1,25.7,5.3,15.3,11.0
2024-07-14,27.3,23.1,24.8,2.4,22.2,14.71
2024-07-15,30.9,22.4,26.4,2.3,13.6,16.89
2024-07-16,30.7,23.6,26.4,2.3,11.6,13.98
2024-07-17,27.3,24.1,25.3,2.3,17.3,8.61
2024-07-18,30.7,23.4,26.6,2.3,10.2,18.6
2024-07-19,30.4,23.4,26.7,1.0,12.6,14.58
2024-07-20,30.7,24.3,26.9,3.3,13.3,16.08
2024-07-21,30.1,24.1,26.2,5.6,15.1,13.78
2024-07-22,31.7,24.0,26.9,2.3,14.4,16.77
2024-07-23,30.9,24.1,27.0,1.5333333333333332,13.0,15.03
2024-07-24,30.1,24.5,26.7,0.7666666666666666,27.8,11.58
2024-07-25,32.8,23.5,27.8,0.0,9.2,19.7
2024-07-26,33.2,22.6,27.9,0.2,13.6,20.56
2024-07-27,30.1,25.2,27.5,0.1,13.8,10.18
2024-07-28,26.3,23.4,24.4,0.95,10.4,5.97
2024-07-29,31.5,22.3,26.2,1.8,12.3,12.68
2024-07-30,31.1,23.5,27.2,0.0,8.9,17.95
2024-07-31,32.2,22.5,27.3,0.0,8.3,21.51
2024-08-01,33.4,23.7,28.4,0.0,10.5,19.76
2024-08-02,33.2,23.7,28.0,6.5,23.3,20.53
2024-08-03,30.2,23.7,26.5,7.0,15.8,16.7
2024-08-04,31.4,23.4,26.9,7.5,12.4,18.15
2024-08-05,33.0,23.0,27.8,0.3,6.4,19.65
2024-08-06,32.5,24.5,28.0,3.9,14.3,20.15
2024-08-07,31.5,23.8,26.5,8.5,13.6,15.92
2024-08-08,32.3,23.3,27.7,4.3,15.1,19.44
2024-08-09,29.5,24.1,26.1,3.5999999999999996,28.9,10.23
2024-08-10,30.1,22.9,25.7,2.9,12.8,11.38
2024-08-11,34.5,22.9,28.0,0.0,8.4,22.43
2024-08-12,33.8,21.7,28.0,0.0,8.1,22.5
2024-08-13,34.7,23.3,29.1,0.0,6.6,22.41
2024-08-14,34.1,23.1,29.2,0.2,16.2,21.1
2024-08-15,30.0,23.5,26.5,0.1,21.0,11.8
2024-08-16,33.1,22.5,27.6,0.0,7.4,16.07
2024-08-17,32.9,23.4,28.0,0.0,9.7,17.32
2024-08-18,32.9,23.1,28.2,0.0,10.3,19.58
2024-08-19,34.9,23.5,29.3,0.0,8.7,20.89
2024-08-20,35.5,23.6,29.7,0.6,13.9,19.57
2024-08-21,36.9,24.9,31.3,0.0,11.6,18.32
2024-08-22,37.9,27.5,32.9,0.0,13.3,19.39
2024-08-23,38.4,25.4,32.1,1.5,19.2,19.52
2024-08-24,38.7,26.0,32.1,0.0,15.3,19.42
2024-08-25,38.9,27.1,32.6,0.1,15.8,19.9
2024-08-26,39.1,26.7,33.1,0.0,10.8,20.16
2024-08-27,38.8,28.2,33.1,0.1,17.1,17.89
2024-08-28,38.1,29.2,33.4,0.1,20.0,19.1
2024-08-29,37.3,27.8,31.9,1.4,20.7,17.91
2024-08-30,35.8,25.2,29.1,8.5,15.2,17.01
2024-08-31,34.1,24.6,29.1,4.6,15.6,18.22
2024-09-01,34.8,23.9,29.1,3.5999999999999996,18.6,18.97
2024-09-02,36.0,25.0,29.0,2.6,19.1,18.89
2024-09-03,33.6,24.0,28.0,9.8,15.1,14.49
2024-09-04,35.8,24.0,28.2,9.3,23.0,15.65
2024-09-05,34.0,23.9,28.6,0.1,13.8,19.32
2024-09-06,32.8,23.5,27.2,4.0,19.6,15.22
2024-09-07,31.9,22.6,26.7,7.9,15.1,17.2
2024-09-08,32.9,22.9,27.6,1.4,13.2,16.89
2024-09-09,31.2,24.0,27.2,3.4,18.4,15.87
2024-09-10,31.6,23.1,26.9,5.4,15.6,18.59
2024-09-11,28.5,22.7,25.4,7.65,10.8,13.73
2024-09-12,29.7,21.9,25.2,9.9,14.1,14.59
2024-09-13,28.6,22.7,25.3,3.3,19.2,13.27
2024-09-14,30.1,22.7,25.5,2.3666666666666667,15.9,11.79
2024-09-15,28.7,22.9,25.1,1.4333333333333333,18.1,11.8
2024-09-16,30.8,23.4,26.3,0.5,18.9,16.93
2024-09-17,31.9,22.2,26.9,0.0,9.2,17.57
2024-09-18,32.3,23.7,27.8,0.0,8.0,18.14
2024-09-19,32.5,23.7,28.0,0.2,9.9,17.82
2024-09-20,32.5,24.3,27.9,0.1,22.6,17.07
2024-09-21,31.5,21.7,26.5,0.0,16.6,18.76
2024-09-22,30.2,20.8,25.7,0.0,15.9,18.43
2024-09-23,28.2,21.9,24.5,1.3,10.2,12.99
2024-09-24,27.8,21.5,24.5,0.0,7.6,7.65
2024-09-25,30.7,20.9,25.5,0.2,8.8,15.32
2024-09-26,31.2,21.7,26.5,0.1,8.9,16.68
2024-09-27,32.0,22.3,27.2,0.8,9.0,15.56
2024-09-28,28.1,23.3,25.5,0.9333333333333333,17.9,9.57
2024-09-29,25.5,17.0,21.6,1.0666666666666667,17.049999999999997,6.4
2024-09-30,22.6,16.6,18.5,1.2,16.2,13.29
2024-10-01,22.8,16.8,19.5,0.0,6.8,13.37
2024-10-02,22.4,16.5,18.7,0.2,10.3,10.68
2024-10-03,19.4,15.8,17.2,6.9,9.1,6.81
2024-10-04,20.3,15.8,17.1,2.1,8.7,6.55
2024-10-05,20.3,14.7,17.0,8.2,9.3,9.26
2024-10-06,21.9,15.8,18.1,7.6,6.6,10.14
2024-10-07,23.3,15.3,18.9,2.5,7.3,14.32
2024-10-08,21.7,14.9,17.8,2.4,8.0,7.64
2024-10-09,21.9,14.0,17.8,2.2,8.3,10.11
2024-10-10,23.3,16.8,19.2,8.1,9.0,12.71
2024-10-11,19.5,16.6,17.6,4.5,10.5,4.4
2024-10-12,20.5,15.4,17.9,1.8,10.4,7.62
2024-10-13,22.3,14.3,18.3,0.4,6.7,10.33
2024-10-14,23.8,17.1,20.1,0.1,10.5,10.34
2024-10-15,25.3,16.5,20.5,0.5,9.6,10.99
2024-10-16,22.0,15.5,19.0,5.2,12.9,6.56
2024-10-17,23.3,15.6,19.5,7.0,9.1,10.22
2024-10-18,22.6,17.8,19.8,1.6,7.3,6.88
2024-10-19,20.2,17.9,18.8,2.55,13.1,4.92
2024-10-20,20.6,16.4,18.4,3.5,17.0,5.29
2024-10-21,21.1,13.8,17.4,2.7,19.0,7.11
2024-10-22,22.0,14.1,17.4,0.0,9.6,15.19
2024-10-23,23.0,11.8,17.1,0.0,13.2,14.36
2024-10-24,20.4,15.5,17.6,4.0,9.2,5.05
2024-10-25,22.8,16.9,19.2,0.1,9.4,9.56
2024-10-26,19.0,14.6,17.4,1.4,11.7,3.5
2024-10-27,21.4,11.4,16.0,0.0,10.1,12.49
2024-10-28,21.9,11.1,16.1,1.1,9.4,11.55
2024-10-29,18.9,12.7,16.1,0.1,13.7,3.69
2024-10-30,20.6,15.2,17.4,1.7,9.8,7.76
2024-10-31,21.2,15.6,17.7,0.4,12.7,7.42
2024-11-01,22.5,15.8,18.1,0.4,9.2,12.23
2024-11-02,22.0,11.7,17.6,0.0,8.4,10.85
2024-11-03,18.7,14.8,16.7,0.8,8.7,3.2
2024-11-04,20.3,14.5,16.8,0.7,13.8,7.01
2024-11-05,20.5,9.9,15.3,0.0,8.7,11.15
2024-11-06,19.4,12.1,15.6,0.0,7.3,6.62
2024-11-07,19.3,12.2,15.8,0.0,6.2,6.58
2024-11-08,19.9,12.7,16.2,0.4,6.5,6.52
2024-11-09,17.0,13.5,15.4,6.1,12.1,2.43
2024-11-10,17.4,14.3,15.3,2.2,11.6,4.32
2024-11-11,17.3,14.2,15.4,1.0,7.1,3.0
2024-11-12,19.4,14.7,16.4,1.2,9.9,6.52
2024-11-13,19.7,14.5,16.5,0.0,6.9,6.29
2024-11-14,19.8,12.7,16.3,0.1,6.3,7.32
2024-11-15,19.2,14.5,16.7,0.3,10.1,5.13
2024-11-16,17.9,14.0,16.3,0.0,12.7,4.28
2024-11-17,13.7,10.2,12.4,0.3,10.9,3.51
2024-11-18,13.9,9.5,11.0,0.1,10.3,7.27
2024-11-19,12.5,9.1,10.4,0.1,7.6,5.12
2024-11-20,16.0,8.8,11.7,0.0,6.3,11.85
2024-11-21,16.7,9.7,12.4,0.0,5.1,10.23
2024-11-22,15.9,8.7,12.3,0.2,5.1,7.98
2024-11-23,15.4,11.3,12.8,0.6,7.3,5.38
2024-11-24,12.8,9.2,11.3,5.3,18.2,2.38
2024-11-25,11.6,6.7,9.2,0.4,19.6,5.68
2024-11-26,10.5,5.8,7.7,0.0,6.8,5.95
2024-11-27,13.2,6.0,8.7,0.0,5.6,9.16
2024-11-28,14.0,5.1,8.9,0.0,5.9,10.71
2024-11-29,14.4,3.6,8.4,0.0,3.3,10.61
2024-11-30,15.4,4.7,9.6,0.0,7.9,11.38
2024-12-01,15.6,5.2,10.2,0.0,6.0,11.16
2024-12-02,13.7,5.9,10.2,0.0,8.9,6.34
2024-12-03,16.4,10.0,12.1,0.0,7.0,7.75
2024-12-04,14.5,10.0,11.7,0.1,7.8,4.58
2024-12-05,12.4,9.5,10.6,0.0,9.8,4.14
2024-12-06,13.2,7.6,9.8,1.5,8.0,7.44
2024-12-07,10.4,7.4,8.2,2.3,16.7,3.06
2024-12-08,8.4,6.2,7.1,3.3,14.1,3.1
2024-12-09,8.5,5.4,6.3,6.1,15.4,3.45
2024-12-10,10.3,4.7,6.8,0.9,8.4,4.08
2024-12-11,11.1,3.2,7.0,0.0,5.6,10.94
2024-12-12,9.1,5.4,6.8,0.7,10.0,2.89
2024-12-13,6.6,4.0,5.4,0.0,13.1,3.55
2024-12-14,9.7,1.0,5.3,0.0,6.2,11.06
2024-12-15,10.4,1.3,5.5,0.0,7.7,10.89
2024-12-16,11.2,1.3,5.8,0.0,6.0,10.39
2024-12-17,11.6,2.0,6.7,0.0,5.1,10.4
2024-12-18,9.1,1.3,5.1,0.1,8.3,5.39
2024-12-19,10.1,4.5,6.9,0.2,9.5,5.63
2024-12-20,9.9,5.6,7.5,1.8,8.2,4.83
2024-12-21,9.6,4.2,7.3,0.0,6.7,4.52
2024-12-22,7.8,4.9,6.3,1.2,9.1,3.18
2024-12-23,7.5,5.0,6.0,2.5,9.7,1.98
2024-12-24,10.3,4.5,6.7,0.8,10.0,8.96
2024-12-25,9.7,5.1,6.9,0.0,7.0,5.39
2024-12-26,12.2,2.1,7.3,0.0,5.5,10.25
2024-12-27,8.7,6.1,7.1,2.8,11.0,2.39
2024-12-28,11.1,3.3,6.9,0.0,7.6,9.46
2024-12-29,6.7,4.9,5.7,0.1,10.3,2.42
2024-12-30,13.2,2.5,6.9,0.0,5.9,10.89
2024-12-31,13.3,3.4,7.6,0.0,7.5,10.94
